,area_name,date,year,month,labor_force,employment,unemployment,unemployment_rate
0,Alameda County,2021-01-01,2021,January,802100,743800,58300,0.073
1,Alpine County,2021-01-01,2021,January,620,580,40,0.069
2,Amador County,2021-01-01,2021,January,14330,13140,1190,0.083
3,Butte County,2021-01-01,2021,January,89100,81700,7400,0.083
4,Calaveras County,2021-01-01,2021,January,21140,19670,1460,0.069
5,Colusa County,2021-01-01,2021,January,10210,8620,1600,0.156
6,Contra Costa County,2021-01-01,2021,January,534600,494300,40200,0.075
7,Del Norte County,2021-01-01,2021,January,9290,8460,830,0.09
8,El Dorado County,2021-01-01,2021,January,91100,84800,6300,0.069
9,Fresno County,2021-01-01,2021,January,444700,400300,44400,0.1
10,Glenn County,2021-01-01,2021,January,12180,11210,960,0.079
11,Humboldt County,2021-01-01,2021,January,58700,54400,4300,0.073
12,Imperial County,2021-01-01,2021,January,65000,54300,10800,0.165
13,Inyo County,2021-01-01,2021,January,8260,7690,570,0.069
14,Kern County,2021-01-01,2021,January,381200,340200,41000,0.10800000000000001
15,Kings County,2021-01-01,2021,January,55800,49800,6000,0.107
16,Lake County,2021-01-01,2021,January,28600,26070,2530,0.08800000000000001
17,Lassen County,2021-01-01,2021,January,9440,8790,650,0.069
18,Los Angeles County,2021-01-01,2021,January,4916600,4290200,626400,0.127
20,Madera County,2021-01-01,2021,January,62800,56800,6000,0.096
21,Marin County,2021-01-01,2021,January,129000,122000,7000,0.054000000000000006
22,Mariposa County,2021-01-01,2021,January,6760,5940,820,0.121
23,Mendocino County,2021-01-01,2021,January,36140,33380,2770,0.077
24,Merced County,2021-01-01,2021,January,113900,100800,13000,0.114
25,Modoc County,2021-01-01,2021,January,3120,2830,300,0.095
26,Mono County,2021-01-01,2021,January,8570,7800,760,0.08900000000000001
27,Monterey County,2021-01-01,2021,January,202800,180000,22700,0.11199999999999999
28,Napa County,2021-01-01,2021,January,67500,61700,5800,0.086
29,Nevada County,2021-01-01,2021,January,46780,43640,3150,0.067
30,Orange County,2021-01-01,2021,January,1516800,1404800,112000,0.07400000000000001
31,Placer County,2021-01-01,2021,January,185600,174500,11100,0.06
32,Plumas County,2021-01-01,2021,January,7080,6240,840,0.11900000000000001
33,Riverside County,2021-01-01,2021,January,1105400,1010200,95200,0.086
34,Sacramento County,2021-01-01,2021,January,711200,653300,57900,0.081
35,San Benito County,2021-01-01,2021,January,30700,28000,2700,0.08900000000000001
36,San Bernardino County,2021-01-01,2021,January,969400,885600,83800,0.086
37,San Diego County,2021-01-01,2021,January,1517300,1395000,122300,0.081
38,San Francisco County,2021-01-01,2021,January,535400,501900,33500,0.063
39,San Joaquin County,2021-01-01,2021,January,330100,297200,33000,0.1
40,San Luis Obispo County,2021-01-01,2021,January,131100,122300,8800,0.067
41,San Mateo County,2021-01-01,2021,January,420000,396000,24000,0.057
42,Santa Barbara County,2021-01-01,2021,January,210600,194300,16200,0.077
43,Santa Clara County,2021-01-01,2021,January,1004700,947300,57400,0.057
44,Santa Cruz County,2021-01-01,2021,January,128500,117500,11000,0.086
45,Shasta County,2021-01-01,2021,January,73900,68100,5800,0.079
46,Sierra County,2021-01-01,2021,January,1260,1160,90,0.07400000000000001
47,Siskiyou County,2021-01-01,2021,January,16450,14850,1600,0.09699999999999999
48,Solano County,2021-01-01,2021,January,201200,183900,17400,0.086
49,Sonoma County,2021-01-01,2021,January,234000,217300,16700,0.071
50,Stanislaus County,2021-01-01,2021,January,238600,216300,22300,0.09300000000000001
51,Sutter County,2021-01-01,2021,January,43300,38900,4400,0.102
52,Tehama County,2021-01-01,2021,January,25210,23190,2030,0.08
53,Trinity County,2021-01-01,2021,January,4400,4060,340,0.077
54,Tulare County,2021-01-01,2021,January,194700,172700,22100,0.113
55,Tuolumne County,2021-01-01,2021,January,19750,17960,1790,0.091
56,Ventura County,2021-01-01,2021,January,401900,372000,29900,0.07400000000000001
57,Yolo County,2021-01-01,2021,January,105500,98200,7300,0.07
58,Yuba County,2021-01-01,2021,January,29200,26200,2900,0.10099999999999999
1023,Alameda County,2020-12-01,2020,December,806800,746400,60400,0.075
1024,Alpine County,2020-12-01,2020,December,600,550,50,0.077
1025,Amador County,2020-12-01,2020,December,14230,13080,1150,0.081
1026,Butte County,2020-12-01,2020,December,89700,82400,7300,0.081
1027,Calaveras County,2020-12-01,2020,December,21200,19760,1440,0.068
1028,Colusa County,2020-12-01,2020,December,10280,8840,1440,0.14
1029,Contra Costa County,2020-12-01,2020,December,537200,495800,41400,0.077
1030,Del Norte County,2020-12-01,2020,December,9180,8360,820,0.09
1031,El Dorado County,2020-12-01,2020,December,90500,84300,6100,0.068
1032,Fresno County,2020-12-01,2020,December,445200,400900,44400,0.1
1033,Glenn County,2020-12-01,2020,December,12230,11300,930,0.076
1034,Humboldt County,2020-12-01,2020,December,58900,54500,4400,0.07400000000000001
1035,Imperial County,2020-12-01,2020,December,65500,54000,11500,0.175
1036,Inyo County,2020-12-01,2020,December,8180,7630,550,0.067
1037,Kern County,2020-12-01,2020,December,379400,338500,40900,0.10800000000000001
1038,Kings County,2020-12-01,2020,December,55500,49600,5900,0.106
1039,Lake County,2020-12-01,2020,December,28060,25590,2470,0.08800000000000001
1040,Lassen County,2020-12-01,2020,December,9310,8680,630,0.067
1042,Los Angeles County,2020-12-01,2020,December,4868000,4270600,597400,0.12300000000000001
1043,Madera County,2020-12-01,2020,December,62100,56200,5800,0.094
1044,Marin County,2020-12-01,2020,December,128200,121100,7100,0.055999999999999994
1045,Mariposa County,2020-12-01,2020,December,6560,5850,710,0.10800000000000001
1046,Mendocino County,2020-12-01,2020,December,36220,33410,2810,0.077
1047,Merced County,2020-12-01,2020,December,113700,101100,12500,0.11
1048,Modoc County,2020-12-01,2020,December,3110,2850,260,0.083
1049,Mono County,2020-12-01,2020,December,7870,7150,710,0.091
1050,Monterey County,2020-12-01,2020,December,202000,181300,20700,0.10300000000000001
1051,Napa County,2020-12-01,2020,December,66100,61100,5000,0.075
1052,Nevada County,2020-12-01,2020,December,46600,43490,3110,0.067
1053,Orange County,2020-12-01,2020,December,1542500,1427800,114700,0.07400000000000001
1054,Placer County,2020-12-01,2020,December,184700,173600,11100,0.06
1055,Plumas County,2020-12-01,2020,December,7160,6410,750,0.10400000000000001
1056,Riverside County,2020-12-01,2020,December,1116200,1019600,96600,0.087
1057,Sacramento County,2020-12-01,2020,December,708900,650100,58800,0.083
1058,San Benito County,2020-12-01,2020,December,30700,28100,2600,0.085
1059,San Bernardino County,2020-12-01,2020,December,981200,894700,86600,0.08800000000000001
1060,San Diego County,2020-12-01,2020,December,1535100,1412500,122700,0.08
1061,San Francisco County,2020-12-01,2020,December,541600,506700,34900,0.064
1062,San Joaquin County,2020-12-01,2020,December,332700,299400,33400,0.1
1063,San Luis Obispo County,2020-12-01,2020,December,128500,120000,8600,0.067
1064,San Mateo County,2020-12-01,2020,December,424400,399700,24700,0.057999999999999996
1065,Santa Barbara County,2020-12-01,2020,December,213100,197600,15500,0.073
1066,Santa Clara County,2020-12-01,2020,December,1010500,950900,59600,0.059000000000000004
1067,Santa Cruz County,2020-12-01,2020,December,128500,118000,10400,0.081
1068,Shasta County,2020-12-01,2020,December,72600,67000,5700,0.078
1069,Sierra County,2020-12-01,2020,December,1270,1180,90,0.07
1070,Siskiyou County,2020-12-01,2020,December,16470,14910,1570,0.095
1071,Solano County,2020-12-01,2020,December,202800,185300,17500,0.086
1072,Sonoma County,2020-12-01,2020,December,236300,220700,15600,0.066
1073,Stanislaus County,2020-12-01,2020,December,239500,217000,22500,0.094
1074,Sutter County,2020-12-01,2020,December,43800,39500,4400,0.099
1075,Tehama County,2020-12-01,2020,December,25180,23160,2020,0.08
1076,Trinity County,2020-12-01,2020,December,4460,4120,340,0.076
1077,Tulare County,2020-12-01,2020,December,191300,169300,21900,0.115
1078,Tuolumne County,2020-12-01,2020,December,19860,18070,1800,0.09
1079,Ventura County,2020-12-01,2020,December,404500,374600,29900,0.07400000000000001
1080,Yolo County,2020-12-01,2020,December,105000,97800,7200,0.068
1081,Yuba County,2020-12-01,2020,December,29500,26600,2900,0.098
2076,Alameda County,2020-11-01,2020,November,801300,746600,54700,0.068
2077,Alpine County,2020-11-01,2020,November,490,460,40,0.075
2078,Amador County,2020-11-01,2020,November,14180,13200,990,0.069
2079,Butte County,2020-11-01,2020,November,90300,84100,6200,0.069
2080,Calaveras County,2020-11-01,2020,November,20940,19770,1180,0.055999999999999994
2081,Colusa County,2020-11-01,2020,November,10200,9170,1030,0.10099999999999999
2082,Contra Costa County,2020-11-01,2020,November,532900,496100,36800,0.069
2083,Del Norte County,2020-11-01,2020,November,9120,8430,690,0.076
2084,El Dorado County,2020-11-01,2020,November,89900,84800,5100,0.057
2085,Fresno County,2020-11-01,2020,November,439400,402200,37300,0.085
2086,Glenn County,2020-11-01,2020,November,12170,11420,750,0.062
2087,Humboldt County,2020-11-01,2020,November,58700,55100,3600,0.062
2088,Imperial County,2020-11-01,2020,November,64800,54200,10600,0.16399999999999998
2089,Inyo County,2020-11-01,2020,November,8180,7710,470,0.057999999999999996
2090,Kern County,2020-11-01,2020,November,379600,345200,34400,0.09
2091,Kings County,2020-11-01,2020,November,54300,49500,4800,0.08800000000000001
2092,Lake County,2020-11-01,2020,November,27810,25760,2050,0.07400000000000001
2093,Lassen County,2020-11-01,2020,November,9870,9380,490,0.05
2095,Los Angeles County,2020-11-01,2020,November,4931400,4342400,589000,0.11900000000000001
2096,Madera County,2020-11-01,2020,November,60400,55600,4800,0.079
2097,Marin County,2020-11-01,2020,November,128800,122500,6300,0.049
2098,Mariposa County,2020-11-01,2020,November,6610,6060,550,0.084
2099,Mendocino County,2020-11-01,2020,November,35950,33530,2420,0.067
2100,Merced County,2020-11-01,2020,November,113000,103000,10000,0.08900000000000001
2101,Modoc County,2020-11-01,2020,November,3160,2970,190,0.059000000000000004
2102,Mono County,2020-11-01,2020,November,7220,6630,590,0.081
2103,Monterey County,2020-11-01,2020,November,205800,191500,14300,0.07
2104,Napa County,2020-11-01,2020,November,66100,61800,4300,0.064
2105,Nevada County,2020-11-01,2020,November,45650,43040,2610,0.057
2106,Orange County,2020-11-01,2020,November,1535600,1434800,100800,0.066
2107,Placer County,2020-11-01,2020,November,184100,174500,9600,0.052000000000000005
2108,Plumas County,2020-11-01,2020,November,7160,6630,530,0.07400000000000001
2109,Riverside County,2020-11-01,2020,November,1106600,1021500,85100,0.077
2110,Sacramento County,2020-11-01,2020,November,705200,653600,51600,0.073
2111,San Benito County,2020-11-01,2020,November,30700,28600,2100,0.069
2112,San Bernardino County,2020-11-01,2020,November,972600,896200,76400,0.079
2113,San Diego County,2020-11-01,2020,November,1524000,1419700,104300,0.068
2114,San Francisco County,2020-11-01,2020,November,541000,509000,32000,0.059000000000000004
2115,San Joaquin County,2020-11-01,2020,November,330700,302000,28700,0.087
2116,San Luis Obispo County,2020-11-01,2020,November,131200,124100,7100,0.054000000000000006
2117,San Mateo County,2020-11-01,2020,November,424000,401600,22400,0.053
2118,Santa Barbara County,2020-11-01,2020,November,215800,203500,12300,0.057
2119,Santa Clara County,2020-11-01,2020,November,1009900,957200,52700,0.052000000000000005
2120,Santa Cruz County,2020-11-01,2020,November,129300,120800,8600,0.066
2121,Shasta County,2020-11-01,2020,November,72400,67700,4700,0.065
2122,Sierra County,2020-11-01,2020,November,1290,1220,70,0.051
2123,Siskiyou County,2020-11-01,2020,November,16810,15670,1150,0.068
2124,Solano County,2020-11-01,2020,November,201200,186000,15200,0.075
2125,Sonoma County,2020-11-01,2020,November,239000,225300,13700,0.057
2126,Stanislaus County,2020-11-01,2020,November,237900,218700,19200,0.081
2127,Sutter County,2020-11-01,2020,November,43700,40200,3500,0.08
2128,Tehama County,2020-11-01,2020,November,25360,23700,1660,0.066
2129,Trinity County,2020-11-01,2020,November,4470,4210,250,0.057
2130,Tulare County,2020-11-01,2020,November,192100,173600,18500,0.096
2131,Tuolumne County,2020-11-01,2020,November,19620,18180,1440,0.07400000000000001
2132,Ventura County,2020-11-01,2020,November,403600,377900,25700,0.064
2133,Yolo County,2020-11-01,2020,November,104500,98400,6000,0.057999999999999996
2134,Yuba County,2020-11-01,2020,November,29400,27000,2400,0.083
3129,Alameda County,2020-10-01,2020,October,812800,744300,68500,0.084
3130,Alpine County,2020-10-01,2020,October,460,410,50,0.10300000000000001
3131,Amador County,2020-10-01,2020,October,14540,13380,1160,0.08
3132,Butte County,2020-10-01,2020,October,92200,84800,7300,0.08
3133,Calaveras County,2020-10-01,2020,October,21370,19950,1420,0.066
3134,Colusa County,2020-10-01,2020,October,10610,9630,970,0.092
3135,Contra Costa County,2020-10-01,2020,October,540500,494900,45600,0.084
3136,Del Norte County,2020-10-01,2020,October,9400,8620,780,0.083
3137,El Dorado County,2020-10-01,2020,October,91100,85000,6100,0.067
3138,Fresno County,2020-10-01,2020,October,444000,401000,43100,0.09699999999999999
3139,Glenn County,2020-10-01,2020,October,12640,11780,860,0.068
3140,Humboldt County,2020-10-01,2020,October,59600,55200,4300,0.073
3141,Imperial County,2020-10-01,2020,October,67100,53700,13400,0.2
3142,Inyo County,2020-10-01,2020,October,8290,7720,570,0.068
3143,Kern County,2020-10-01,2020,October,388700,347500,41200,0.106
3144,Kings County,2020-10-01,2020,October,55500,50100,5400,0.098
3145,Lake County,2020-10-01,2020,October,28590,26220,2370,0.083
3146,Lassen County,2020-10-01,2020,October,10040,9500,550,0.054000000000000006
3148,Los Angeles County,2020-10-01,2020,October,4945600,4354200,591400,0.12
3149,Madera County,2020-10-01,2020,October,61000,55600,5400,0.08900000000000001
3150,Marin County,2020-10-01,2020,October,131000,123200,7800,0.06
3151,Mariposa County,2020-10-01,2020,October,6990,6370,610,0.08800000000000001
3152,Mendocino County,2020-10-01,2020,October,37000,34110,2880,0.078
3153,Merced County,2020-10-01,2020,October,115800,104600,11200,0.09699999999999999
3154,Modoc County,2020-10-01,2020,October,3320,3120,200,0.059000000000000004
3155,Mono County,2020-10-01,2020,October,7420,6670,750,0.102
3156,Monterey County,2020-10-01,2020,October,213600,197700,15900,0.07400000000000001
3157,Napa County,2020-10-01,2020,October,68900,63800,5100,0.07400000000000001
3158,Nevada County,2020-10-01,2020,October,46610,43450,3160,0.068
3159,Orange County,2020-10-01,2020,October,1554900,1427400,127500,0.08199999999999999
3160,Placer County,2020-10-01,2020,October,186300,174600,11700,0.063
3161,Plumas County,2020-10-01,2020,October,7630,7050,570,0.075
3162,Riverside County,2020-10-01,2020,October,1121000,1016400,104600,0.09300000000000001
3163,Sacramento County,2020-10-01,2020,October,716900,653800,63100,0.08800000000000001
3164,San Benito County,2020-10-01,2020,October,31200,28700,2500,0.079
3165,San Bernardino County,2020-10-01,2020,October,984400,891500,92900,0.094
3166,San Diego County,2020-10-01,2020,October,1541800,1412100,129600,0.084
3167,San Francisco County,2020-10-01,2020,October,550300,508700,41600,0.076
3168,San Joaquin County,2020-10-01,2020,October,335500,301500,34100,0.102
3169,San Luis Obispo County,2020-10-01,2020,October,133300,124700,8600,0.064
3170,San Mateo County,2020-10-01,2020,October,429600,401400,28200,0.066
3171,Santa Barbara County,2020-10-01,2020,October,219300,204800,14500,0.066
3172,Santa Clara County,2020-10-01,2020,October,1019000,953500,65500,0.064
3173,Santa Cruz County,2020-10-01,2020,October,133100,123200,9900,0.07400000000000001
3174,Shasta County,2020-10-01,2020,October,74200,68700,5400,0.073
3175,Sierra County,2020-10-01,2020,October,1330,1260,80,0.055999999999999994
3176,Siskiyou County,2020-10-01,2020,October,17320,16060,1260,0.073
3177,Solano County,2020-10-01,2020,October,204600,186200,18400,0.09
3178,Sonoma County,2020-10-01,2020,October,244300,227500,16800,0.069
3179,Stanislaus County,2020-10-01,2020,October,242100,219400,22700,0.094
3180,Sutter County,2020-10-01,2020,October,45400,41500,3900,0.086
3181,Tehama County,2020-10-01,2020,October,26140,24230,1910,0.073
3182,Trinity County,2020-10-01,2020,October,4590,4310,290,0.062
3183,Tulare County,2020-10-01,2020,October,195100,173300,21700,0.111
3184,Tuolumne County,2020-10-01,2020,October,19960,18220,1730,0.087
3185,Ventura County,2020-10-01,2020,October,407700,376500,31200,0.076
3186,Yolo County,2020-10-01,2020,October,106000,99100,6900,0.065
3187,Yuba County,2020-10-01,2020,October,30100,27300,2800,0.09300000000000001
4182,Alameda County,2020-09-01,2020,September,799200,721800,77400,0.09699999999999999
4183,Alpine County,2020-09-01,2020,September,460,410,50,0.11
4184,Amador County,2020-09-01,2020,September,14280,13010,1270,0.08900000000000001
4185,Butte County,2020-09-01,2020,September,90500,82300,8200,0.09
4186,Calaveras County,2020-09-01,2020,September,21160,19610,1550,0.073
4187,Colusa County,2020-09-01,2020,September,10320,9290,1030,0.1
4188,Contra Costa County,2020-09-01,2020,September,531200,480000,51300,0.096
4189,Del Norte County,2020-09-01,2020,September,9320,8500,830,0.08900000000000001
4190,El Dorado County,2020-09-01,2020,September,89000,82200,6800,0.077
4191,Fresno County,2020-09-01,2020,September,438800,392500,46300,0.105
4192,Glenn County,2020-09-01,2020,September,12370,11440,930,0.076
4193,Humboldt County,2020-09-01,2020,September,58700,53900,4700,0.081
4194,Imperial County,2020-09-01,2020,September,67300,52400,14900,0.222
4195,Inyo County,2020-09-01,2020,September,8160,7550,620,0.075
4196,Kern County,2020-09-01,2020,September,382800,337300,45500,0.11900000000000001
4197,Kings County,2020-09-01,2020,September,54800,49100,5700,0.10400000000000001
4198,Lake County,2020-09-01,2020,September,28410,25890,2520,0.08900000000000001
4199,Lassen County,2020-09-01,2020,September,9370,8780,590,0.063
4200,Los Angeles County,2020-09-01,2020,September,4804900,4173100,631900,0.132
4202,Madera County,2020-09-01,2020,September,60800,54900,5900,0.096
4203,Marin County,2020-09-01,2020,September,127500,118500,9000,0.07
4204,Mariposa County,2020-09-01,2020,September,7070,6400,670,0.095
4205,Mendocino County,2020-09-01,2020,September,36800,33620,3180,0.086
4206,Merced County,2020-09-01,2020,September,114300,102200,12100,0.106
4207,Modoc County,2020-09-01,2020,September,3210,3010,200,0.061
4208,Mono County,2020-09-01,2020,September,7730,6960,770,0.1
4209,Monterey County,2020-09-01,2020,September,213300,196000,17300,0.081
4210,Napa County,2020-09-01,2020,September,67900,62300,5600,0.083
4211,Nevada County,2020-09-01,2020,September,45830,42290,3540,0.077
4212,Orange County,2020-09-01,2020,September,1521600,1375500,146100,0.096
4213,Placer County,2020-09-01,2020,September,182100,168900,13200,0.07200000000000001
4214,Plumas County,2020-09-01,2020,September,7710,7110,600,0.078
4215,Riverside County,2020-09-01,2020,September,1096200,979500,116600,0.106
4216,Sacramento County,2020-09-01,2020,September,702800,632400,70400,0.1
4217,San Benito County,2020-09-01,2020,September,30500,27800,2700,0.08900000000000001
4218,San Bernardino County,2020-09-01,2020,September,959900,859400,100500,0.105
4219,San Diego County,2020-09-01,2020,September,1512100,1366900,145200,0.096
4220,San Francisco County,2020-09-01,2020,September,541700,493200,48500,0.09
4221,San Joaquin County,2020-09-01,2020,September,331000,293600,37400,0.113
4222,San Luis Obispo County,2020-09-01,2020,September,130700,120800,9800,0.075
4223,San Mateo County,2020-09-01,2020,September,421200,389100,32100,0.076
4224,Santa Barbara County,2020-09-01,2020,September,215700,199500,16100,0.075
4225,Santa Clara County,2020-09-01,2020,September,1000200,926100,74100,0.07400000000000001
4226,Santa Cruz County,2020-09-01,2020,September,131100,120300,10900,0.083
4227,Shasta County,2020-09-01,2020,September,72800,67000,5800,0.08
4228,Sierra County,2020-09-01,2020,September,1310,1220,90,0.065
4229,Siskiyou County,2020-09-01,2020,September,16960,15600,1360,0.08
4230,Solano County,2020-09-01,2020,September,199300,179100,20200,0.10099999999999999
4231,Sonoma County,2020-09-01,2020,September,241900,223000,18900,0.078
4232,Stanislaus County,2020-09-01,2020,September,239800,215100,24700,0.10300000000000001
4233,Sutter County,2020-09-01,2020,September,44900,40700,4200,0.094
4234,Tehama County,2020-09-01,2020,September,25560,23490,2070,0.081
4235,Trinity County,2020-09-01,2020,September,4640,4340,300,0.065
4236,Tulare County,2020-09-01,2020,September,194100,170700,23400,0.121
4237,Tuolumne County,2020-09-01,2020,September,19850,17940,1910,0.096
4238,Ventura County,2020-09-01,2020,September,399900,364700,35100,0.08800000000000001
4239,Yolo County,2020-09-01,2020,September,103500,96000,7500,0.073
4240,Yuba County,2020-09-01,2020,September,29800,26700,3000,0.10099999999999999
5235,Alameda County,2020-08-01,2020,August,803800,718900,84900,0.106
5236,Alpine County,2020-08-01,2020,August,460,400,50,0.11599999999999999
5237,Amador County,2020-08-01,2020,August,14380,12960,1410,0.098
5238,Butte County,2020-08-01,2020,August,91300,82400,8900,0.098
5239,Calaveras County,2020-08-01,2020,August,21340,19670,1670,0.078
5240,Colusa County,2020-08-01,2020,August,10460,9340,1120,0.107
5241,Contra Costa County,2020-08-01,2020,August,534100,477900,56200,0.105
5242,Del Norte County,2020-08-01,2020,August,9420,8490,930,0.098
5243,El Dorado County,2020-08-01,2020,August,89000,81500,7500,0.085
5244,Fresno County,2020-08-01,2020,August,439500,389000,50500,0.115
5245,Glenn County,2020-08-01,2020,August,12280,11220,1060,0.086
5246,Humboldt County,2020-08-01,2020,August,58000,52500,5400,0.094
5247,Imperial County,2020-08-01,2020,August,68200,51300,16900,0.248
5248,Inyo County,2020-08-01,2020,August,8220,7570,660,0.08
5249,Kern County,2020-08-01,2020,August,385600,335500,50200,0.13
5250,Kings County,2020-08-01,2020,August,55500,49400,6100,0.11
5251,Lake County,2020-08-01,2020,August,28320,25630,2690,0.095
5252,Lassen County,2020-08-01,2020,August,9330,8690,640,0.068
5254,Los Angeles County,2020-08-01,2020,August,4938500,4076400,862100,0.175
5255,Madera County,2020-08-01,2020,August,61700,55300,6500,0.105
5256,Marin County,2020-08-01,2020,August,128100,118100,10000,0.078
5257,Mariposa County,2020-08-01,2020,August,7230,6510,720,0.1
5258,Mendocino County,2020-08-01,2020,August,36870,33370,3500,0.095
5259,Merced County,2020-08-01,2020,August,112500,99200,13300,0.11900000000000001
5260,Modoc County,2020-08-01,2020,August,3190,2980,210,0.067
5261,Mono County,2020-08-01,2020,August,7920,7040,870,0.11
5262,Monterey County,2020-08-01,2020,August,217000,197900,19100,0.08800000000000001
5263,Napa County,2020-08-01,2020,August,68400,62000,6400,0.09300000000000001
5264,Nevada County,2020-08-01,2020,August,46230,42260,3970,0.086
5265,Orange County,2020-08-01,2020,August,1526200,1362200,164000,0.107
5266,Placer County,2020-08-01,2020,August,182500,167600,14900,0.08199999999999999
5267,Plumas County,2020-08-01,2020,August,7950,7270,680,0.085
5268,Riverside County,2020-08-01,2020,August,1098700,970800,127900,0.11599999999999999
5269,Sacramento County,2020-08-01,2020,August,704300,627600,76700,0.109
5270,San Benito County,2020-08-01,2020,August,30900,27900,3000,0.096
5271,San Bernardino County,2020-08-01,2020,August,960700,851900,108800,0.113
5272,San Diego County,2020-08-01,2020,August,1518700,1353900,164700,0.10800000000000001
5273,San Francisco County,2020-08-01,2020,August,546600,493700,52900,0.09699999999999999
5274,San Joaquin County,2020-08-01,2020,August,331300,290900,40400,0.122
5275,San Luis Obispo County,2020-08-01,2020,August,129400,118300,11100,0.086
5276,San Mateo County,2020-08-01,2020,August,424600,389400,35200,0.083
5277,Santa Barbara County,2020-08-01,2020,August,216300,198400,17900,0.083
5278,Santa Clara County,2020-08-01,2020,August,1009000,927000,82000,0.081
5279,Santa Cruz County,2020-08-01,2020,August,132200,120000,12100,0.092
5280,Shasta County,2020-08-01,2020,August,72500,66200,6300,0.087
5281,Sierra County,2020-08-01,2020,August,1280,1180,100,0.077
5282,Siskiyou County,2020-08-01,2020,August,16940,15410,1540,0.091
5283,Solano County,2020-08-01,2020,August,200400,178500,22000,0.11
5284,Sonoma County,2020-08-01,2020,August,243400,222300,21100,0.087
5285,Stanislaus County,2020-08-01,2020,August,241700,214700,27000,0.11199999999999999
5286,Sutter County,2020-08-01,2020,August,45600,41000,4600,0.10099999999999999
5287,Tehama County,2020-08-01,2020,August,25660,23390,2280,0.08900000000000001
5288,Trinity County,2020-08-01,2020,August,4710,4390,330,0.069
5289,Tulare County,2020-08-01,2020,August,196800,171000,25800,0.131
5290,Tuolumne County,2020-08-01,2020,August,20080,17930,2150,0.107
5291,Ventura County,2020-08-01,2020,August,401500,362100,39300,0.098
5292,Yolo County,2020-08-01,2020,August,103900,95700,8300,0.079
5293,Yuba County,2020-08-01,2020,August,29900,26700,3200,0.10800000000000001
6288,Alameda County,2020-07-01,2020,July,811500,714400,97100,0.12
6289,Alpine County,2020-07-01,2020,July,460,390,70,0.145
6290,Amador County,2020-07-01,2020,July,14410,12740,1670,0.11599999999999999
6291,Butte County,2020-07-01,2020,July,90400,80300,10100,0.111
6292,Calaveras County,2020-07-01,2020,July,21410,19460,1950,0.091
6293,Colusa County,2020-07-01,2020,July,10340,8950,1390,0.135
6294,Contra Costa County,2020-07-01,2020,July,539200,474900,64400,0.11900000000000001
6295,Del Norte County,2020-07-01,2020,July,9200,8180,1020,0.111
6296,El Dorado County,2020-07-01,2020,July,90200,81200,8900,0.099
6297,Fresno County,2020-07-01,2020,July,441000,383700,57300,0.13
6298,Glenn County,2020-07-01,2020,July,12210,10970,1240,0.10099999999999999
6299,Humboldt County,2020-07-01,2020,July,58200,52000,6200,0.106
6300,Imperial County,2020-07-01,2020,July,68600,49800,18900,0.275
6301,Inyo County,2020-07-01,2020,July,8350,7580,780,0.09300000000000001
6302,Kern County,2020-07-01,2020,July,379700,322000,57700,0.152
6303,Kings County,2020-07-01,2020,July,56400,49400,7000,0.124
6304,Lake County,2020-07-01,2020,July,27780,24730,3050,0.11
6305,Lassen County,2020-07-01,2020,July,9300,8560,740,0.08
6307,Los Angeles County,2020-07-01,2020,July,4934900,4035000,899900,0.182
6308,Madera County,2020-07-01,2020,July,60700,53100,7500,0.124
6309,Marin County,2020-07-01,2020,July,129200,117400,11700,0.091
6310,Mariposa County,2020-07-01,2020,July,7360,6520,830,0.113
6311,Mendocino County,2020-07-01,2020,July,36750,32750,4000,0.109
6312,Merced County,2020-07-01,2020,July,110800,95400,15400,0.139
6313,Modoc County,2020-07-01,2020,July,3210,2960,250,0.078
6314,Mono County,2020-07-01,2020,July,8080,6970,1110,0.13699999999999998
6315,Monterey County,2020-07-01,2020,July,219300,196500,22800,0.10400000000000001
6316,Napa County,2020-07-01,2020,July,69600,62200,7400,0.107
6317,Nevada County,2020-07-01,2020,July,46270,41620,4640,0.1
6318,Orange County,2020-07-01,2020,July,1544300,1354100,190300,0.12300000000000001
6319,Placer County,2020-07-01,2020,July,184400,167100,17300,0.094
6320,Plumas County,2020-07-01,2020,July,7870,7090,790,0.1
6321,Riverside County,2020-07-01,2020,July,1106800,961100,145800,0.132
6322,Sacramento County,2020-07-01,2020,July,711800,625800,85900,0.121
6323,San Benito County,2020-07-01,2020,July,31400,27800,3500,0.113
6324,San Bernardino County,2020-07-01,2020,July,964000,841800,122300,0.127
6325,San Diego County,2020-07-01,2020,July,1535400,1345800,189600,0.12300000000000001
6326,San Francisco County,2020-07-01,2020,July,553200,492300,60900,0.11
6327,San Joaquin County,2020-07-01,2020,July,331600,285700,45900,0.138
6328,San Luis Obispo County,2020-07-01,2020,July,131800,118800,13000,0.099
6329,San Mateo County,2020-07-01,2020,July,428600,388300,40200,0.094
6330,Santa Barbara County,2020-07-01,2020,July,219400,198400,21000,0.096
6331,Santa Clara County,2020-07-01,2020,July,1017500,922700,94800,0.09300000000000001
6332,Santa Cruz County,2020-07-01,2020,July,134700,120400,14300,0.106
6333,Shasta County,2020-07-01,2020,July,72100,64800,7200,0.10099999999999999
6334,Sierra County,2020-07-01,2020,July,1260,1150,110,0.086
6335,Siskiyou County,2020-07-01,2020,July,17080,15320,1760,0.10300000000000001
6336,Solano County,2020-07-01,2020,July,202700,178200,24500,0.121
6337,Sonoma County,2020-07-01,2020,July,245200,220600,24600,0.1
6338,Stanislaus County,2020-07-01,2020,July,240600,209600,31000,0.129
6339,Sutter County,2020-07-01,2020,July,46200,40800,5400,0.11699999999999999
6340,Tehama County,2020-07-01,2020,July,25110,22520,2590,0.10300000000000001
6341,Trinity County,2020-07-01,2020,July,4610,4240,370,0.08
6342,Tulare County,2020-07-01,2020,July,196000,166600,29300,0.15
6343,Tuolumne County,2020-07-01,2020,July,20220,17750,2470,0.122
6344,Ventura County,2020-07-01,2020,July,405600,360000,45600,0.11199999999999999
6345,Yolo County,2020-07-01,2020,July,105100,95500,9600,0.091
6346,Yuba County,2020-07-01,2020,July,30200,26500,3700,0.122
7341,Alameda County,2020-06-01,2020,June,813700,708200,105400,0.13
7342,Alpine County,2020-06-01,2020,June,460,370,90,0.196
7343,Amador County,2020-06-01,2020,June,14510,12750,1760,0.121
7344,Butte County,2020-06-01,2020,June,92500,81700,10800,0.11599999999999999
7345,Calaveras County,2020-06-01,2020,June,21370,19240,2140,0.1
7346,Colusa County,2020-06-01,2020,June,10070,8430,1640,0.162
7347,Contra Costa County,2020-06-01,2020,June,540200,470500,69700,0.129
7348,Del Norte County,2020-06-01,2020,June,9400,8310,1090,0.11599999999999999
7349,El Dorado County,2020-06-01,2020,June,90900,80100,10900,0.12
7350,Fresno County,2020-06-01,2020,June,448100,387800,60300,0.135
7351,Glenn County,2020-06-01,2020,June,12550,11230,1320,0.105
7352,Humboldt County,2020-06-01,2020,June,59000,52300,6800,0.115
7353,Imperial County,2020-06-01,2020,June,71300,52400,18900,0.265
7354,Inyo County,2020-06-01,2020,June,8500,7610,880,0.10400000000000001
7355,Kern County,2020-06-01,2020,June,383100,323100,60000,0.157
7356,Kings County,2020-06-01,2020,June,56400,48900,7500,0.133
7357,Lake County,2020-06-01,2020,June,28180,24720,3460,0.12300000000000001
7358,Lassen County,2020-06-01,2020,June,9390,8610,780,0.083
7360,Los Angeles County,2020-06-01,2020,June,4839200,3974200,865000,0.179
7361,Madera County,2020-06-01,2020,June,62100,54100,8000,0.129
7362,Marin County,2020-06-01,2020,June,128400,115500,12900,0.1
7363,Mariposa County,2020-06-01,2020,June,7410,6350,1050,0.142
7364,Mendocino County,2020-06-01,2020,June,37100,32660,4440,0.12
7365,Merced County,2020-06-01,2020,June,113800,97300,16400,0.14400000000000002
7366,Modoc County,2020-06-01,2020,June,3220,2940,280,0.087
7367,Mono County,2020-06-01,2020,June,7480,5910,1570,0.21
7368,Monterey County,2020-06-01,2020,June,221300,194400,26900,0.121
7369,Napa County,2020-06-01,2020,June,70000,61300,8700,0.124
7370,Nevada County,2020-06-01,2020,June,46210,41060,5160,0.11199999999999999
7371,Orange County,2020-06-01,2020,June,1547100,1341900,205200,0.133
7372,Placer County,2020-06-01,2020,June,184100,164800,19300,0.105
7373,Plumas County,2020-06-01,2020,June,7820,6970,850,0.10800000000000001
7374,Riverside County,2020-06-01,2020,June,1111800,959700,152100,0.13699999999999998
7375,Sacramento County,2020-06-01,2020,June,708600,617400,91200,0.129
7376,San Benito County,2020-06-01,2020,June,31400,27400,4000,0.127
7377,San Bernardino County,2020-06-01,2020,June,965300,840300,125100,0.13
7378,San Diego County,2020-06-01,2020,June,1537000,1330000,207000,0.135
7379,San Francisco County,2020-06-01,2020,June,555000,488300,66700,0.12
7380,San Joaquin County,2020-06-01,2020,June,333900,285400,48500,0.145
7381,San Luis Obispo County,2020-06-01,2020,June,132400,117900,14600,0.11
7382,San Mateo County,2020-06-01,2020,June,430000,385000,45000,0.105
7383,Santa Barbara County,2020-06-01,2020,June,216800,193600,23200,0.107
7384,Santa Clara County,2020-06-01,2020,June,1017300,912500,104800,0.10300000000000001
7385,Santa Cruz County,2020-06-01,2020,June,134300,117900,16300,0.122
7386,Shasta County,2020-06-01,2020,June,73500,65700,7800,0.106
7387,Sierra County,2020-06-01,2020,June,1300,1170,120,0.095
7388,Siskiyou County,2020-06-01,2020,June,17220,15340,1880,0.109
7389,Solano County,2020-06-01,2020,June,202400,176200,26100,0.129
7390,Sonoma County,2020-06-01,2020,June,245300,217200,28100,0.114
7391,Stanislaus County,2020-06-01,2020,June,240800,207900,32900,0.13699999999999998
7392,Sutter County,2020-06-01,2020,June,46500,40500,5900,0.128
7393,Tehama County,2020-06-01,2020,June,25670,22910,2760,0.107
7394,Trinity County,2020-06-01,2020,June,4610,4200,410,0.08900000000000001
7395,Tulare County,2020-06-01,2020,June,202500,172100,30400,0.15
7396,Tuolumne County,2020-06-01,2020,June,20100,17300,2800,0.139
7397,Ventura County,2020-06-01,2020,June,410500,361500,49000,0.11900000000000001
7398,Yolo County,2020-06-01,2020,June,104100,93800,10200,0.098
7399,Yuba County,2020-06-01,2020,June,30400,26500,3800,0.127
8394,Alameda County,2020-05-01,2020,May,800600,689800,110900,0.138
8395,Alpine County,2020-05-01,2020,May,450,350,100,0.228
8396,Amador County,2020-05-01,2020,May,14030,11870,2150,0.153
8397,Butte County,2020-05-01,2020,May,91400,79300,12100,0.133
8398,Calaveras County,2020-05-01,2020,May,20570,18170,2390,0.11599999999999999
8399,Colusa County,2020-05-01,2020,May,10140,8170,1970,0.19399999999999998
8400,Contra Costa County,2020-05-01,2020,May,532300,457900,74500,0.14
8401,Del Norte County,2020-05-01,2020,May,9100,7880,1220,0.134
8402,El Dorado County,2020-05-01,2020,May,90600,77100,13500,0.149
8403,Fresno County,2020-05-01,2020,May,444200,376700,67500,0.152
8404,Glenn County,2020-05-01,2020,May,12570,11100,1470,0.11699999999999999
8405,Humboldt County,2020-05-01,2020,May,58200,50700,7500,0.129
8406,Imperial County,2020-05-01,2020,May,72000,52200,19800,0.275
8407,Inyo County,2020-05-01,2020,May,8030,7030,1000,0.125
8408,Kern County,2020-05-01,2020,May,382900,318200,64600,0.16899999999999998
8409,Kings County,2020-05-01,2020,May,57600,49100,8600,0.149
8410,Lake County,2020-05-01,2020,May,27810,23860,3950,0.142
8411,Lassen County,2020-05-01,2020,May,9300,8410,890,0.095
8413,Los Angeles County,2020-05-01,2020,May,4665800,3787500,878300,0.188
8414,Madera County,2020-05-01,2020,May,61800,52700,9200,0.14800000000000002
8415,Marin County,2020-05-01,2020,May,124700,111000,13700,0.11
8416,Mariposa County,2020-05-01,2020,May,7100,5750,1350,0.191
8417,Mendocino County,2020-05-01,2020,May,35940,31050,4900,0.136
8418,Merced County,2020-05-01,2020,May,114800,96800,18000,0.157
8419,Modoc County,2020-05-01,2020,May,3080,2770,310,0.10099999999999999
8420,Mono County,2020-05-01,2020,May,6890,5070,1830,0.265
8421,Monterey County,2020-05-01,2020,May,216400,184300,32100,0.14800000000000002
8422,Napa County,2020-05-01,2020,May,68300,57900,10400,0.152
8423,Nevada County,2020-05-01,2020,May,44450,38640,5810,0.131
8424,Orange County,2020-05-01,2020,May,1517500,1291700,225800,0.149
8425,Placer County,2020-05-01,2020,May,181300,158800,22500,0.124
8426,Plumas County,2020-05-01,2020,May,7480,6470,1020,0.136
8427,Riverside County,2020-05-01,2020,May,1090100,919000,171100,0.157
8428,Sacramento County,2020-05-01,2020,May,694900,595200,99700,0.14300000000000002
8429,San Benito County,2020-05-01,2020,May,31500,26800,4700,0.149
8430,San Bernardino County,2020-05-01,2020,May,937200,805300,131900,0.141
8431,San Diego County,2020-05-01,2020,May,1507200,1272700,234500,0.156
8432,San Francisco County,2020-05-01,2020,May,548900,478800,70100,0.128
8433,San Joaquin County,2020-05-01,2020,May,334800,281900,52900,0.158
8434,San Luis Obispo County,2020-05-01,2020,May,128100,111300,16800,0.131
8435,San Mateo County,2020-05-01,2020,May,425100,377300,47800,0.113
8436,Santa Barbara County,2020-05-01,2020,May,215600,188900,26700,0.124
8437,Santa Clara County,2020-05-01,2020,May,1006200,892600,113600,0.113
8438,Santa Cruz County,2020-05-01,2020,May,131300,112500,18800,0.14300000000000002
8439,Shasta County,2020-05-01,2020,May,71500,62300,9100,0.128
8440,Sierra County,2020-05-01,2020,May,1230,1090,140,0.114
8441,Siskiyou County,2020-05-01,2020,May,16550,14460,2090,0.126
8442,Solano County,2020-05-01,2020,May,198900,170000,28900,0.145
8443,Sonoma County,2020-05-01,2020,May,240100,207800,32300,0.134
8444,Stanislaus County,2020-05-01,2020,May,238000,200900,37000,0.156
8445,Sutter County,2020-05-01,2020,May,45600,38900,6700,0.147
8446,Tehama County,2020-05-01,2020,May,24860,21790,3070,0.124
8447,Trinity County,2020-05-01,2020,May,4380,3920,460,0.105
8448,Tulare County,2020-05-01,2020,May,203900,170200,33600,0.165
8449,Tuolumne County,2020-05-01,2020,May,19570,16110,3470,0.177
8450,Ventura County,2020-05-01,2020,May,403900,348900,54900,0.136
8451,Yolo County,2020-05-01,2020,May,101400,90800,10700,0.105
8452,Yuba County,2020-05-01,2020,May,29900,25600,4400,0.146
9447,Alameda County,2020-04-01,2020,April,799000,682000,117000,0.146
9448,Alpine County,2020-04-01,2020,April,460,360,110,0.22899999999999998
9449,Amador County,2020-04-01,2020,April,14210,12050,2160,0.152
9450,Butte County,2020-04-01,2020,April,92100,77400,14700,0.159
9451,Calaveras County,2020-04-01,2020,April,20510,17710,2800,0.13699999999999998
9452,Colusa County,2020-04-01,2020,April,10890,8100,2800,0.257
9453,Contra Costa County,2020-04-01,2020,April,533300,452800,80500,0.151
9454,Del Norte County,2020-04-01,2020,April,9250,7920,1340,0.145
9455,El Dorado County,2020-04-01,2020,April,90800,76700,14100,0.155
9456,Fresno County,2020-04-01,2020,April,445100,368900,76200,0.171
9457,Glenn County,2020-04-01,2020,April,12630,10810,1820,0.14400000000000002
9458,Humboldt County,2020-04-01,2020,April,58900,50000,9000,0.152
9459,Imperial County,2020-04-01,2020,April,72900,52000,20900,0.28600000000000003
9460,Inyo County,2020-04-01,2020,April,7940,6760,1180,0.149
9461,Kern County,2020-04-01,2020,April,374500,304800,69700,0.18600000000000003
9462,Kings County,2020-04-01,2020,April,57200,47500,9700,0.16899999999999998
9463,Lake County,2020-04-01,2020,April,27960,23480,4480,0.16
9464,Lassen County,2020-04-01,2020,April,9330,8260,1080,0.115
9466,Los Angeles County,2020-04-01,2020,April,4759300,3892300,866900,0.182
9467,Madera County,2020-04-01,2020,April,59900,49500,10400,0.174
9468,Marin County,2020-04-01,2020,April,123500,108600,14900,0.121
9469,Mariposa County,2020-04-01,2020,April,7150,5690,1460,0.204
9470,Mendocino County,2020-04-01,2020,April,36600,30900,5700,0.156
9471,Merced County,2020-04-01,2020,April,116900,95300,21600,0.185
9472,Modoc County,2020-04-01,2020,April,3170,2750,420,0.132
9473,Mono County,2020-04-01,2020,April,6670,4790,1890,0.282
9474,Monterey County,2020-04-01,2020,April,215600,174400,41200,0.191
9475,Napa County,2020-04-01,2020,April,66300,54600,11800,0.17800000000000002
9476,Nevada County,2020-04-01,2020,April,44240,37410,6830,0.154
9477,Orange County,2020-04-01,2020,April,1525400,1305800,219600,0.14400000000000002
9478,Placer County,2020-04-01,2020,April,182100,158000,24100,0.132
9479,Plumas County,2020-04-01,2020,April,7380,6000,1380,0.187
9480,Riverside County,2020-04-01,2020,April,1088600,914300,174300,0.16
9481,Sacramento County,2020-04-01,2020,April,695800,592000,103800,0.149
9482,San Benito County,2020-04-01,2020,April,32600,26500,6100,0.188
9483,San Bernardino County,2020-04-01,2020,April,935000,802200,132800,0.142
9484,San Diego County,2020-04-01,2020,April,1512700,1272300,240400,0.159
9485,San Francisco County,2020-04-01,2020,April,550500,478700,71700,0.13
9486,San Joaquin County,2020-04-01,2020,April,329500,270700,58800,0.179
9487,San Luis Obispo County,2020-04-01,2020,April,129500,110300,19200,0.14800000000000002
9488,San Mateo County,2020-04-01,2020,April,427500,377200,50200,0.11800000000000001
9489,Santa Barbara County,2020-04-01,2020,April,214300,184300,29900,0.14
9490,Santa Clara County,2020-04-01,2020,April,1007200,884600,122500,0.122
9491,Santa Cruz County,2020-04-01,2020,April,132200,108900,23200,0.17600000000000002
9492,Shasta County,2020-04-01,2020,April,72500,61100,11400,0.157
9493,Sierra County,2020-04-01,2020,April,1210,1040,170,0.14300000000000002
9494,Siskiyou County,2020-04-01,2020,April,16710,14110,2610,0.156
9495,Solano County,2020-04-01,2020,April,200400,168900,31500,0.157
9496,Sonoma County,2020-04-01,2020,April,241000,203800,37100,0.154
9497,Stanislaus County,2020-04-01,2020,April,240000,198600,41400,0.172
9498,Sutter County,2020-04-01,2020,April,46200,38000,8200,0.17800000000000002
9499,Tehama County,2020-04-01,2020,April,25420,21680,3740,0.147
9500,Trinity County,2020-04-01,2020,April,4370,3800,580,0.132
9501,Tulare County,2020-04-01,2020,April,201500,163900,37600,0.18600000000000003
9502,Tuolumne County,2020-04-01,2020,April,19680,15760,3920,0.19899999999999998
9503,Ventura County,2020-04-01,2020,April,404700,346100,58700,0.145
9504,Yolo County,2020-04-01,2020,April,101800,89800,12000,0.11800000000000001
9505,Yuba County,2020-04-01,2020,April,30100,25200,4900,0.16399999999999998
10500,Alameda County,2020-03-01,2020,March,836800,807500,29300,0.035
10501,Alpine County,2020-03-01,2020,March,640,600,40,0.055
10502,Amador County,2020-03-01,2020,March,14830,14100,730,0.049
10503,Butte County,2020-03-01,2020,March,97600,91700,5900,0.061
10504,Calaveras County,2020-03-01,2020,March,21520,20460,1060,0.049
10505,Colusa County,2020-03-01,2020,March,11260,8850,2410,0.214
10506,Contra Costa County,2020-03-01,2020,March,556500,536200,20300,0.036000000000000004
10507,Del Norte County,2020-03-01,2020,March,9660,9000,660,0.069
10508,El Dorado County,2020-03-01,2020,March,92300,88400,3900,0.042
10509,Fresno County,2020-03-01,2020,March,456100,411200,44900,0.098
10510,Glenn County,2020-03-01,2020,March,13190,12130,1060,0.08
10511,Humboldt County,2020-03-01,2020,March,62000,59200,2700,0.044000000000000004
10512,Imperial County,2020-03-01,2020,March,72700,58200,14600,0.201
10513,Inyo County,2020-03-01,2020,March,8580,8200,380,0.044000000000000004
10514,Kern County,2020-03-01,2020,March,386200,343700,42500,0.11
10515,Kings County,2020-03-01,2020,March,58200,51600,6600,0.113
10516,Lake County,2020-03-01,2020,March,28730,26840,1890,0.066
10517,Lassen County,2020-03-01,2020,March,9490,8860,630,0.066
10518,Los Angeles County,2020-03-01,2020,March,4941300,4664900,276400,0.055999999999999994
10520,Madera County,2020-03-01,2020,March,62900,56900,6000,0.096
10521,Marin County,2020-03-01,2020,March,136500,132700,3800,0.027999999999999997
10522,Mariposa County,2020-03-01,2020,March,7520,7020,510,0.067
10523,Mendocino County,2020-03-01,2020,March,38580,36530,2050,0.053
10524,Merced County,2020-03-01,2020,March,118800,105000,13800,0.11599999999999999
10525,Modoc County,2020-03-01,2020,March,3220,2890,330,0.102
10526,Mono County,2020-03-01,2020,March,8740,8350,390,0.044000000000000004
10527,Monterey County,2020-03-01,2020,March,214900,190900,24000,0.11199999999999999
10528,Napa County,2020-03-01,2020,March,71700,69100,2700,0.037000000000000005
10529,Nevada County,2020-03-01,2020,March,48240,46220,2020,0.042
10530,Orange County,2020-03-01,2020,March,1598500,1545800,52700,0.033
10531,Placer County,2020-03-01,2020,March,188900,182000,6900,0.036000000000000004
10532,Plumas County,2020-03-01,2020,March,7660,6750,910,0.11900000000000001
10533,Riverside County,2020-03-01,2020,March,1115800,1062900,52900,0.047
10534,Sacramento County,2020-03-01,2020,March,712300,681600,30700,0.043
10535,San Benito County,2020-03-01,2020,March,32500,30200,2300,0.07
10536,San Bernardino County,2020-03-01,2020,March,975700,932500,43100,0.044000000000000004
10537,San Diego County,2020-03-01,2020,March,1573600,1514400,59200,0.038
10538,San Francisco County,2020-03-01,2020,March,579200,563000,16100,0.027999999999999997
10539,San Joaquin County,2020-03-01,2020,March,330500,305700,24700,0.075
10540,San Luis Obispo County,2020-03-01,2020,March,138900,134000,4900,0.035
10541,San Mateo County,2020-03-01,2020,March,455100,443700,11500,0.025
10542,Santa Barbara County,2020-03-01,2020,March,222700,211700,11000,0.049
10543,Santa Clara County,2020-03-01,2020,March,1046300,1014900,31400,0.03
10544,Santa Cruz County,2020-03-01,2020,March,139100,128800,10300,0.07400000000000001
10545,Shasta County,2020-03-01,2020,March,73300,68800,4500,0.062
10546,Sierra County,2020-03-01,2020,March,1300,1200,100,0.078
10547,Siskiyou County,2020-03-01,2020,March,17090,15520,1570,0.092
10548,Solano County,2020-03-01,2020,March,207000,197500,9500,0.046
10549,Sonoma County,2020-03-01,2020,March,254500,246000,8500,0.033
10550,Stanislaus County,2020-03-01,2020,March,244300,225800,18500,0.076
10551,Sutter County,2020-03-01,2020,March,46700,41900,4800,0.10300000000000001
10552,Tehama County,2020-03-01,2020,March,26100,24310,1790,0.069
10553,Trinity County,2020-03-01,2020,March,4500,4140,370,0.08199999999999999
10554,Tulare County,2020-03-01,2020,March,206200,179000,27200,0.132
10555,Tuolumne County,2020-03-01,2020,March,20490,19280,1210,0.059000000000000004
10556,Ventura County,2020-03-01,2020,March,421400,403500,17900,0.042
10557,Yolo County,2020-03-01,2020,March,108600,102700,5800,0.054000000000000006
10558,Yuba County,2020-03-01,2020,March,30600,28200,2400,0.079
11553,Alameda County,2020-02-01,2020,February,842100,817400,24800,0.028999999999999998
11554,Alpine County,2020-02-01,2020,February,630,600,30,0.051
11555,Amador County,2020-02-01,2020,February,14790,14140,650,0.044000000000000004
11556,Butte County,2020-02-01,2020,February,97000,91800,5200,0.054000000000000006
11557,Calaveras County,2020-02-01,2020,February,21610,20710,890,0.040999999999999995
11558,Colusa County,2020-02-01,2020,February,10830,8640,2190,0.20199999999999999
11559,Contra Costa County,2020-02-01,2020,February,560000,542700,17300,0.031
11560,Del Norte County,2020-02-01,2020,February,9540,8950,590,0.062
11561,El Dorado County,2020-02-01,2020,February,92500,89200,3400,0.036000000000000004
11562,Fresno County,2020-02-01,2020,February,453600,415500,38100,0.084
11563,Glenn County,2020-02-01,2020,February,13130,12200,930,0.071
11564,Humboldt County,2020-02-01,2020,February,61800,59400,2400,0.038
11565,Imperial County,2020-02-01,2020,February,72000,58900,13000,0.18100000000000002
11566,Inyo County,2020-02-01,2020,February,8610,8270,340,0.039
11567,Kern County,2020-02-01,2020,February,389700,354200,35600,0.091
11568,Kings County,2020-02-01,2020,February,58100,52400,5700,0.098
11569,Lake County,2020-02-01,2020,February,28920,27250,1670,0.057999999999999996
11570,Lassen County,2020-02-01,2020,February,9410,8850,560,0.059000000000000004
11572,Los Angeles County,2020-02-01,2020,February,5218500,4972500,246000,0.047
11573,Madera County,2020-02-01,2020,February,64200,59200,5100,0.079
11574,Marin County,2020-02-01,2020,February,137900,134700,3300,0.024
11575,Mariposa County,2020-02-01,2020,February,7500,7050,450,0.059000000000000004
11576,Mendocino County,2020-02-01,2020,February,38220,36440,1780,0.046
11577,Merced County,2020-02-01,2020,February,116800,104900,11900,0.102
11578,Modoc County,2020-02-01,2020,February,3100,2810,300,0.096
11579,Mono County,2020-02-01,2020,February,9010,8680,330,0.037000000000000005
11580,Monterey County,2020-02-01,2020,February,212700,191100,21500,0.10099999999999999
11581,Napa County,2020-02-01,2020,February,72500,70200,2300,0.032
11582,Nevada County,2020-02-01,2020,February,48780,47030,1750,0.036000000000000004
11583,Orange County,2020-02-01,2020,February,1617000,1572100,44900,0.027999999999999997
11584,Placer County,2020-02-01,2020,February,189500,183500,6000,0.031
11585,Plumas County,2020-02-01,2020,February,7480,6680,810,0.10800000000000001
11586,Riverside County,2020-02-01,2020,February,1121100,1075900,45200,0.04
11587,Sacramento County,2020-02-01,2020,February,713800,687200,26600,0.037000000000000005
11588,San Benito County,2020-02-01,2020,February,32500,30600,1900,0.059000000000000004
11589,San Bernardino County,2020-02-01,2020,February,980400,943800,36600,0.037000000000000005
11590,San Diego County,2020-02-01,2020,February,1585600,1535000,50600,0.032
11591,San Francisco County,2020-02-01,2020,February,583900,570800,13100,0.022000000000000002
11592,San Joaquin County,2020-02-01,2020,February,330900,309500,21400,0.065
11593,San Luis Obispo County,2020-02-01,2020,February,140000,135800,4200,0.03
11594,San Mateo County,2020-02-01,2020,February,459400,449800,9600,0.021
11595,Santa Barbara County,2020-02-01,2020,February,222000,212200,9800,0.044000000000000004
11596,Santa Clara County,2020-02-01,2020,February,1055200,1028300,26800,0.025
11597,Santa Cruz County,2020-02-01,2020,February,139700,130700,8900,0.064
11598,Shasta County,2020-02-01,2020,February,72900,68900,4000,0.054000000000000006
11599,Sierra County,2020-02-01,2020,February,1310,1220,90,0.069
11600,Siskiyou County,2020-02-01,2020,February,16970,15540,1430,0.084
11601,Solano County,2020-02-01,2020,February,207500,199400,8100,0.039
11602,Sonoma County,2020-02-01,2020,February,256000,248800,7200,0.027999999999999997
11603,Stanislaus County,2020-02-01,2020,February,242300,226500,15800,0.065
11604,Sutter County,2020-02-01,2020,February,45800,41700,4100,0.09
11605,Tehama County,2020-02-01,2020,February,25970,24380,1590,0.061
11606,Trinity County,2020-02-01,2020,February,4430,4120,320,0.07200000000000001
11607,Tulare County,2020-02-01,2020,February,206000,182700,23300,0.113
11608,Tuolumne County,2020-02-01,2020,February,20600,19540,1050,0.051
11609,Ventura County,2020-02-01,2020,February,423500,407900,15500,0.037000000000000005
11610,Yolo County,2020-02-01,2020,February,108500,103300,5200,0.048
11611,Yuba County,2020-02-01,2020,February,30400,28300,2100,0.07
12606,Alameda County,2020-01-01,2020,January,838000,811700,26200,0.031
12607,Alpine County,2020-01-01,2020,January,650,620,30,0.046
12608,Amador County,2020-01-01,2020,January,14710,13990,710,0.048
12609,Butte County,2020-01-01,2020,January,96300,90800,5400,0.055999999999999994
12610,Calaveras County,2020-01-01,2020,January,21500,20550,950,0.044000000000000004
12611,Colusa County,2020-01-01,2020,January,10610,8490,2120,0.2
12612,Contra Costa County,2020-01-01,2020,January,557500,539200,18400,0.033
12613,Del Norte County,2020-01-01,2020,January,9610,8970,640,0.067
12614,El Dorado County,2020-01-01,2020,January,92200,88700,3500,0.038
12615,Fresno County,2020-01-01,2020,January,451100,413800,37300,0.083
12616,Glenn County,2020-01-01,2020,January,12860,11870,990,0.077
12617,Humboldt County,2020-01-01,2020,January,61100,58600,2500,0.042
12618,Imperial County,2020-01-01,2020,January,72700,58300,14500,0.19899999999999998
12619,Inyo County,2020-01-01,2020,January,8620,8270,350,0.04
12620,Kern County,2020-01-01,2020,January,393100,358500,34500,0.08800000000000001
12621,Kings County,2020-01-01,2020,January,57700,52100,5600,0.096
12622,Lake County,2020-01-01,2020,January,28620,26830,1790,0.063
12623,Lassen County,2020-01-01,2020,January,9400,8840,560,0.06
12624,Los Angeles County,2020-01-01,2020,January,5210600,4957000,253500,0.049
12626,Madera County,2020-01-01,2020,January,63300,58100,5200,0.08199999999999999
12627,Marin County,2020-01-01,2020,January,137800,134400,3400,0.025
12628,Mariposa County,2020-01-01,2020,January,7450,7000,450,0.06
12629,Mendocino County,2020-01-01,2020,January,38160,36300,1860,0.049
12630,Merced County,2020-01-01,2020,January,115800,104300,11500,0.099
12631,Modoc County,2020-01-01,2020,January,3050,2740,310,0.10099999999999999
12632,Mono County,2020-01-01,2020,January,9120,8790,330,0.036000000000000004
12633,Monterey County,2020-01-01,2020,January,209700,188500,21200,0.10099999999999999
12634,Napa County,2020-01-01,2020,January,70500,67900,2600,0.037000000000000005
12635,Nevada County,2020-01-01,2020,January,48770,46940,1820,0.037000000000000005
12636,Orange County,2020-01-01,2020,January,1609100,1561800,47300,0.028999999999999998
12637,Placer County,2020-01-01,2020,January,188700,182400,6300,0.034
12638,Plumas County,2020-01-01,2020,January,7410,6610,800,0.10800000000000001
12639,Riverside County,2020-01-01,2020,January,1119600,1071900,47700,0.043
12640,Sacramento County,2020-01-01,2020,January,711000,682800,28200,0.04
12641,San Benito County,2020-01-01,2020,January,32300,30300,2000,0.062
12642,San Bernardino County,2020-01-01,2020,January,978100,939400,38600,0.039
12643,San Diego County,2020-01-01,2020,January,1577100,1523200,54000,0.034
12644,San Francisco County,2020-01-01,2020,January,580700,567000,13700,0.024
12645,San Joaquin County,2020-01-01,2020,January,329400,307100,22300,0.068
12646,San Luis Obispo County,2020-01-01,2020,January,138400,134000,4500,0.032
12647,San Mateo County,2020-01-01,2020,January,457000,446900,10000,0.022000000000000002
12648,Santa Barbara County,2020-01-01,2020,January,219200,209100,10200,0.046
12649,Santa Clara County,2020-01-01,2020,January,1050100,1022000,28100,0.027000000000000003
12650,Santa Cruz County,2020-01-01,2020,January,138400,129600,8800,0.063
12651,Shasta County,2020-01-01,2020,January,73600,69500,4100,0.055
12652,Sierra County,2020-01-01,2020,January,1310,1220,80,0.064
12653,Siskiyou County,2020-01-01,2020,January,16950,15520,1440,0.085
12654,Solano County,2020-01-01,2020,January,206400,197800,8600,0.042
12655,Sonoma County,2020-01-01,2020,January,254100,246400,7700,0.03
12656,Stanislaus County,2020-01-01,2020,January,240700,224400,16300,0.068
12657,Sutter County,2020-01-01,2020,January,45200,41100,4100,0.091
12658,Tehama County,2020-01-01,2020,January,25910,24240,1670,0.064
12659,Trinity County,2020-01-01,2020,January,4390,4090,310,0.07
12660,Tulare County,2020-01-01,2020,January,204500,181700,22800,0.11199999999999999
12661,Tuolumne County,2020-01-01,2020,January,20440,19370,1070,0.052000000000000005
12662,Ventura County,2020-01-01,2020,January,419800,403100,16700,0.04
12663,Yolo County,2020-01-01,2020,January,107900,102400,5500,0.051
12664,Yuba County,2020-01-01,2020,January,30200,28000,2200,0.073
