,county,date,labor_force,employment,unemployment,unemployment_rate
0,Alameda ,2021-01-01,802100,743800,58300,0.073
1,Alpine ,2021-01-01,620,580,40,0.069
2,Amador ,2021-01-01,14330,13140,1190,0.083
3,Butte ,2021-01-01,89100,81700,7400,0.083
4,Calaveras ,2021-01-01,21140,19670,1460,0.069
5,Colusa ,2021-01-01,10210,8620,1600,0.156
6,Contra Costa ,2021-01-01,534600,494300,40200,0.075
7,Del Norte ,2021-01-01,9290,8460,830,0.09
8,El Dorado ,2021-01-01,91100,84800,6300,0.069
9,Fresno ,2021-01-01,444700,400300,44400,0.1
10,Glenn ,2021-01-01,12180,11210,960,0.079
11,Humboldt ,2021-01-01,58700,54400,4300,0.073
12,Imperial ,2021-01-01,65000,54300,10800,0.165
13,Inyo ,2021-01-01,8260,7690,570,0.069
14,Kern ,2021-01-01,381200,340200,41000,0.10800000000000001
15,Kings ,2021-01-01,55800,49800,6000,0.107
16,Lake ,2021-01-01,28600,26070,2530,0.08800000000000001
17,Lassen ,2021-01-01,9440,8790,650,0.069
18,Los Angeles ,2021-01-01,4916600,4290200,626400,0.127
20,Madera ,2021-01-01,62800,56800,6000,0.096
21,Marin ,2021-01-01,129000,122000,7000,0.054000000000000006
22,Mariposa ,2021-01-01,6760,5940,820,0.121
23,Mendocino ,2021-01-01,36140,33380,2770,0.077
24,Merced ,2021-01-01,113900,100800,13000,0.114
25,Modoc ,2021-01-01,3120,2830,300,0.095
26,Mono ,2021-01-01,8570,7800,760,0.08900000000000001
27,Monterey ,2021-01-01,202800,180000,22700,0.11199999999999999
28,Napa ,2021-01-01,67500,61700,5800,0.086
29,Nevada ,2021-01-01,46780,43640,3150,0.067
30,Orange ,2021-01-01,1516800,1404800,112000,0.07400000000000001
31,Placer ,2021-01-01,185600,174500,11100,0.06
32,Plumas ,2021-01-01,7080,6240,840,0.11900000000000001
33,Riverside ,2021-01-01,1105400,1010200,95200,0.086
34,Sacramento ,2021-01-01,711200,653300,57900,0.081
35,San Benito ,2021-01-01,30700,28000,2700,0.08900000000000001
36,San Bernardino ,2021-01-01,969400,885600,83800,0.086
37,San Diego ,2021-01-01,1517300,1395000,122300,0.081
38,San Francisco ,2021-01-01,535400,501900,33500,0.063
39,San Joaquin ,2021-01-01,330100,297200,33000,0.1
40,San Luis Obispo ,2021-01-01,131100,122300,8800,0.067
41,San Mateo ,2021-01-01,420000,396000,24000,0.057
42,Santa Barbara ,2021-01-01,210600,194300,16200,0.077
43,Santa Clara ,2021-01-01,1004700,947300,57400,0.057
44,Santa Cruz ,2021-01-01,128500,117500,11000,0.086
45,Shasta ,2021-01-01,73900,68100,5800,0.079
46,Sierra ,2021-01-01,1260,1160,90,0.07400000000000001
47,Siskiyou ,2021-01-01,16450,14850,1600,0.09699999999999999
48,Solano ,2021-01-01,201200,183900,17400,0.086
49,Sonoma ,2021-01-01,234000,217300,16700,0.071
50,Stanislaus ,2021-01-01,238600,216300,22300,0.09300000000000001
51,Sutter ,2021-01-01,43300,38900,4400,0.102
52,Tehama ,2021-01-01,25210,23190,2030,0.08
53,Trinity ,2021-01-01,4400,4060,340,0.077
54,Tulare ,2021-01-01,194700,172700,22100,0.113
55,Tuolumne ,2021-01-01,19750,17960,1790,0.091
56,Ventura ,2021-01-01,401900,372000,29900,0.07400000000000001
57,Yolo ,2021-01-01,105500,98200,7300,0.07
58,Yuba ,2021-01-01,29200,26200,2900,0.10099999999999999
1023,Alameda ,2020-12-01,806800,746400,60400,0.075
1024,Alpine ,2020-12-01,600,550,50,0.077
1025,Amador ,2020-12-01,14230,13080,1150,0.081
1026,Butte ,2020-12-01,89700,82400,7300,0.081
1027,Calaveras ,2020-12-01,21200,19760,1440,0.068
1028,Colusa ,2020-12-01,10280,8840,1440,0.14
1029,Contra Costa ,2020-12-01,537200,495800,41400,0.077
1030,Del Norte ,2020-12-01,9180,8360,820,0.09
1031,El Dorado ,2020-12-01,90500,84300,6100,0.068
1032,Fresno ,2020-12-01,445200,400900,44400,0.1
1033,Glenn ,2020-12-01,12230,11300,930,0.076
1034,Humboldt ,2020-12-01,58900,54500,4400,0.07400000000000001
1035,Imperial ,2020-12-01,65500,54000,11500,0.175
1036,Inyo ,2020-12-01,8180,7630,550,0.067
1037,Kern ,2020-12-01,379400,338500,40900,0.10800000000000001
1038,Kings ,2020-12-01,55500,49600,5900,0.106
1039,Lake ,2020-12-01,28060,25590,2470,0.08800000000000001
1040,Lassen ,2020-12-01,9310,8680,630,0.067
1042,Los Angeles ,2020-12-01,4868000,4270600,597400,0.12300000000000001
1043,Madera ,2020-12-01,62100,56200,5800,0.094
1044,Marin ,2020-12-01,128200,121100,7100,0.055999999999999994
1045,Mariposa ,2020-12-01,6560,5850,710,0.10800000000000001
1046,Mendocino ,2020-12-01,36220,33410,2810,0.077
1047,Merced ,2020-12-01,113700,101100,12500,0.11
1048,Modoc ,2020-12-01,3110,2850,260,0.083
1049,Mono ,2020-12-01,7870,7150,710,0.091
1050,Monterey ,2020-12-01,202000,181300,20700,0.10300000000000001
1051,Napa ,2020-12-01,66100,61100,5000,0.075
1052,Nevada ,2020-12-01,46600,43490,3110,0.067
1053,Orange ,2020-12-01,1542500,1427800,114700,0.07400000000000001
1054,Placer ,2020-12-01,184700,173600,11100,0.06
1055,Plumas ,2020-12-01,7160,6410,750,0.10400000000000001
1056,Riverside ,2020-12-01,1116200,1019600,96600,0.087
1057,Sacramento ,2020-12-01,708900,650100,58800,0.083
1058,San Benito ,2020-12-01,30700,28100,2600,0.085
1059,San Bernardino ,2020-12-01,981200,894700,86600,0.08800000000000001
1060,San Diego ,2020-12-01,1535100,1412500,122700,0.08
1061,San Francisco ,2020-12-01,541600,506700,34900,0.064
1062,San Joaquin ,2020-12-01,332700,299400,33400,0.1
1063,San Luis Obispo ,2020-12-01,128500,120000,8600,0.067
1064,San Mateo ,2020-12-01,424400,399700,24700,0.057999999999999996
1065,Santa Barbara ,2020-12-01,213100,197600,15500,0.073
1066,Santa Clara ,2020-12-01,1010500,950900,59600,0.059000000000000004
1067,Santa Cruz ,2020-12-01,128500,118000,10400,0.081
1068,Shasta ,2020-12-01,72600,67000,5700,0.078
1069,Sierra ,2020-12-01,1270,1180,90,0.07
1070,Siskiyou ,2020-12-01,16470,14910,1570,0.095
1071,Solano ,2020-12-01,202800,185300,17500,0.086
1072,Sonoma ,2020-12-01,236300,220700,15600,0.066
1073,Stanislaus ,2020-12-01,239500,217000,22500,0.094
1074,Sutter ,2020-12-01,43800,39500,4400,0.099
1075,Tehama ,2020-12-01,25180,23160,2020,0.08
1076,Trinity ,2020-12-01,4460,4120,340,0.076
1077,Tulare ,2020-12-01,191300,169300,21900,0.115
1078,Tuolumne ,2020-12-01,19860,18070,1800,0.09
1079,Ventura ,2020-12-01,404500,374600,29900,0.07400000000000001
1080,Yolo ,2020-12-01,105000,97800,7200,0.068
1081,Yuba ,2020-12-01,29500,26600,2900,0.098
2076,Alameda ,2020-11-01,801300,746600,54700,0.068
2077,Alpine ,2020-11-01,490,460,40,0.075
2078,Amador ,2020-11-01,14180,13200,990,0.069
2079,Butte ,2020-11-01,90300,84100,6200,0.069
2080,Calaveras ,2020-11-01,20940,19770,1180,0.055999999999999994
2081,Colusa ,2020-11-01,10200,9170,1030,0.10099999999999999
2082,Contra Costa ,2020-11-01,532900,496100,36800,0.069
2083,Del Norte ,2020-11-01,9120,8430,690,0.076
2084,El Dorado ,2020-11-01,89900,84800,5100,0.057
2085,Fresno ,2020-11-01,439400,402200,37300,0.085
2086,Glenn ,2020-11-01,12170,11420,750,0.062
2087,Humboldt ,2020-11-01,58700,55100,3600,0.062
2088,Imperial ,2020-11-01,64800,54200,10600,0.16399999999999998
2089,Inyo ,2020-11-01,8180,7710,470,0.057999999999999996
2090,Kern ,2020-11-01,379600,345200,34400,0.09
2091,Kings ,2020-11-01,54300,49500,4800,0.08800000000000001
2092,Lake ,2020-11-01,27810,25760,2050,0.07400000000000001
2093,Lassen ,2020-11-01,9870,9380,490,0.05
2095,Los Angeles ,2020-11-01,4931400,4342400,589000,0.11900000000000001
2096,Madera ,2020-11-01,60400,55600,4800,0.079
2097,Marin ,2020-11-01,128800,122500,6300,0.049
2098,Mariposa ,2020-11-01,6610,6060,550,0.084
2099,Mendocino ,2020-11-01,35950,33530,2420,0.067
2100,Merced ,2020-11-01,113000,103000,10000,0.08900000000000001
2101,Modoc ,2020-11-01,3160,2970,190,0.059000000000000004
2102,Mono ,2020-11-01,7220,6630,590,0.081
2103,Monterey ,2020-11-01,205800,191500,14300,0.07
2104,Napa ,2020-11-01,66100,61800,4300,0.064
2105,Nevada ,2020-11-01,45650,43040,2610,0.057
2106,Orange ,2020-11-01,1535600,1434800,100800,0.066
2107,Placer ,2020-11-01,184100,174500,9600,0.052000000000000005
2108,Plumas ,2020-11-01,7160,6630,530,0.07400000000000001
2109,Riverside ,2020-11-01,1106600,1021500,85100,0.077
2110,Sacramento ,2020-11-01,705200,653600,51600,0.073
2111,San Benito ,2020-11-01,30700,28600,2100,0.069
2112,San Bernardino ,2020-11-01,972600,896200,76400,0.079
2113,San Diego ,2020-11-01,1524000,1419700,104300,0.068
2114,San Francisco ,2020-11-01,541000,509000,32000,0.059000000000000004
2115,San Joaquin ,2020-11-01,330700,302000,28700,0.087
2116,San Luis Obispo ,2020-11-01,131200,124100,7100,0.054000000000000006
2117,San Mateo ,2020-11-01,424000,401600,22400,0.053
2118,Santa Barbara ,2020-11-01,215800,203500,12300,0.057
2119,Santa Clara ,2020-11-01,1009900,957200,52700,0.052000000000000005
2120,Santa Cruz ,2020-11-01,129300,120800,8600,0.066
2121,Shasta ,2020-11-01,72400,67700,4700,0.065
2122,Sierra ,2020-11-01,1290,1220,70,0.051
2123,Siskiyou ,2020-11-01,16810,15670,1150,0.068
2124,Solano ,2020-11-01,201200,186000,15200,0.075
2125,Sonoma ,2020-11-01,239000,225300,13700,0.057
2126,Stanislaus ,2020-11-01,237900,218700,19200,0.081
2127,Sutter ,2020-11-01,43700,40200,3500,0.08
2128,Tehama ,2020-11-01,25360,23700,1660,0.066
2129,Trinity ,2020-11-01,4470,4210,250,0.057
2130,Tulare ,2020-11-01,192100,173600,18500,0.096
2131,Tuolumne ,2020-11-01,19620,18180,1440,0.07400000000000001
2132,Ventura ,2020-11-01,403600,377900,25700,0.064
2133,Yolo ,2020-11-01,104500,98400,6000,0.057999999999999996
2134,Yuba ,2020-11-01,29400,27000,2400,0.083
3129,Alameda ,2020-10-01,812800,744300,68500,0.084
3130,Alpine ,2020-10-01,460,410,50,0.10300000000000001
3131,Amador ,2020-10-01,14540,13380,1160,0.08
3132,Butte ,2020-10-01,92200,84800,7300,0.08
3133,Calaveras ,2020-10-01,21370,19950,1420,0.066
3134,Colusa ,2020-10-01,10610,9630,970,0.092
3135,Contra Costa ,2020-10-01,540500,494900,45600,0.084
3136,Del Norte ,2020-10-01,9400,8620,780,0.083
3137,El Dorado ,2020-10-01,91100,85000,6100,0.067
3138,Fresno ,2020-10-01,444000,401000,43100,0.09699999999999999
3139,Glenn ,2020-10-01,12640,11780,860,0.068
3140,Humboldt ,2020-10-01,59600,55200,4300,0.073
3141,Imperial ,2020-10-01,67100,53700,13400,0.2
3142,Inyo ,2020-10-01,8290,7720,570,0.068
3143,Kern ,2020-10-01,388700,347500,41200,0.106
3144,Kings ,2020-10-01,55500,50100,5400,0.098
3145,Lake ,2020-10-01,28590,26220,2370,0.083
3146,Lassen ,2020-10-01,10040,9500,550,0.054000000000000006
3148,Los Angeles ,2020-10-01,4945600,4354200,591400,0.12
3149,Madera ,2020-10-01,61000,55600,5400,0.08900000000000001
3150,Marin ,2020-10-01,131000,123200,7800,0.06
3151,Mariposa ,2020-10-01,6990,6370,610,0.08800000000000001
3152,Mendocino ,2020-10-01,37000,34110,2880,0.078
3153,Merced ,2020-10-01,115800,104600,11200,0.09699999999999999
3154,Modoc ,2020-10-01,3320,3120,200,0.059000000000000004
3155,Mono ,2020-10-01,7420,6670,750,0.102
3156,Monterey ,2020-10-01,213600,197700,15900,0.07400000000000001
3157,Napa ,2020-10-01,68900,63800,5100,0.07400000000000001
3158,Nevada ,2020-10-01,46610,43450,3160,0.068
3159,Orange ,2020-10-01,1554900,1427400,127500,0.08199999999999999
3160,Placer ,2020-10-01,186300,174600,11700,0.063
3161,Plumas ,2020-10-01,7630,7050,570,0.075
3162,Riverside ,2020-10-01,1121000,1016400,104600,0.09300000000000001
3163,Sacramento ,2020-10-01,716900,653800,63100,0.08800000000000001
3164,San Benito ,2020-10-01,31200,28700,2500,0.079
3165,San Bernardino ,2020-10-01,984400,891500,92900,0.094
3166,San Diego ,2020-10-01,1541800,1412100,129600,0.084
3167,San Francisco ,2020-10-01,550300,508700,41600,0.076
3168,San Joaquin ,2020-10-01,335500,301500,34100,0.102
3169,San Luis Obispo ,2020-10-01,133300,124700,8600,0.064
3170,San Mateo ,2020-10-01,429600,401400,28200,0.066
3171,Santa Barbara ,2020-10-01,219300,204800,14500,0.066
3172,Santa Clara ,2020-10-01,1019000,953500,65500,0.064
3173,Santa Cruz ,2020-10-01,133100,123200,9900,0.07400000000000001
3174,Shasta ,2020-10-01,74200,68700,5400,0.073
3175,Sierra ,2020-10-01,1330,1260,80,0.055999999999999994
3176,Siskiyou ,2020-10-01,17320,16060,1260,0.073
3177,Solano ,2020-10-01,204600,186200,18400,0.09
3178,Sonoma ,2020-10-01,244300,227500,16800,0.069
3179,Stanislaus ,2020-10-01,242100,219400,22700,0.094
3180,Sutter ,2020-10-01,45400,41500,3900,0.086
3181,Tehama ,2020-10-01,26140,24230,1910,0.073
3182,Trinity ,2020-10-01,4590,4310,290,0.062
3183,Tulare ,2020-10-01,195100,173300,21700,0.111
3184,Tuolumne ,2020-10-01,19960,18220,1730,0.087
3185,Ventura ,2020-10-01,407700,376500,31200,0.076
3186,Yolo ,2020-10-01,106000,99100,6900,0.065
3187,Yuba ,2020-10-01,30100,27300,2800,0.09300000000000001
4182,Alameda ,2020-09-01,799200,721800,77400,0.09699999999999999
4183,Alpine ,2020-09-01,460,410,50,0.11
4184,Amador ,2020-09-01,14280,13010,1270,0.08900000000000001
4185,Butte ,2020-09-01,90500,82300,8200,0.09
4186,Calaveras ,2020-09-01,21160,19610,1550,0.073
4187,Colusa ,2020-09-01,10320,9290,1030,0.1
4188,Contra Costa ,2020-09-01,531200,480000,51300,0.096
4189,Del Norte ,2020-09-01,9320,8500,830,0.08900000000000001
4190,El Dorado ,2020-09-01,89000,82200,6800,0.077
4191,Fresno ,2020-09-01,438800,392500,46300,0.105
4192,Glenn ,2020-09-01,12370,11440,930,0.076
4193,Humboldt ,2020-09-01,58700,53900,4700,0.081
4194,Imperial ,2020-09-01,67300,52400,14900,0.222
4195,Inyo ,2020-09-01,8160,7550,620,0.075
4196,Kern ,2020-09-01,382800,337300,45500,0.11900000000000001
4197,Kings ,2020-09-01,54800,49100,5700,0.10400000000000001
4198,Lake ,2020-09-01,28410,25890,2520,0.08900000000000001
4199,Lassen ,2020-09-01,9370,8780,590,0.063
4200,Los Angeles ,2020-09-01,4804900,4173100,631900,0.132
4202,Madera ,2020-09-01,60800,54900,5900,0.096
4203,Marin ,2020-09-01,127500,118500,9000,0.07
4204,Mariposa ,2020-09-01,7070,6400,670,0.095
4205,Mendocino ,2020-09-01,36800,33620,3180,0.086
4206,Merced ,2020-09-01,114300,102200,12100,0.106
4207,Modoc ,2020-09-01,3210,3010,200,0.061
4208,Mono ,2020-09-01,7730,6960,770,0.1
4209,Monterey ,2020-09-01,213300,196000,17300,0.081
4210,Napa ,2020-09-01,67900,62300,5600,0.083
4211,Nevada ,2020-09-01,45830,42290,3540,0.077
4212,Orange ,2020-09-01,1521600,1375500,146100,0.096
4213,Placer ,2020-09-01,182100,168900,13200,0.07200000000000001
4214,Plumas ,2020-09-01,7710,7110,600,0.078
4215,Riverside ,2020-09-01,1096200,979500,116600,0.106
4216,Sacramento ,2020-09-01,702800,632400,70400,0.1
4217,San Benito ,2020-09-01,30500,27800,2700,0.08900000000000001
4218,San Bernardino ,2020-09-01,959900,859400,100500,0.105
4219,San Diego ,2020-09-01,1512100,1366900,145200,0.096
4220,San Francisco ,2020-09-01,541700,493200,48500,0.09
4221,San Joaquin ,2020-09-01,331000,293600,37400,0.113
4222,San Luis Obispo ,2020-09-01,130700,120800,9800,0.075
4223,San Mateo ,2020-09-01,421200,389100,32100,0.076
4224,Santa Barbara ,2020-09-01,215700,199500,16100,0.075
4225,Santa Clara ,2020-09-01,1000200,926100,74100,0.07400000000000001
4226,Santa Cruz ,2020-09-01,131100,120300,10900,0.083
4227,Shasta ,2020-09-01,72800,67000,5800,0.08
4228,Sierra ,2020-09-01,1310,1220,90,0.065
4229,Siskiyou ,2020-09-01,16960,15600,1360,0.08
4230,Solano ,2020-09-01,199300,179100,20200,0.10099999999999999
4231,Sonoma ,2020-09-01,241900,223000,18900,0.078
4232,Stanislaus ,2020-09-01,239800,215100,24700,0.10300000000000001
4233,Sutter ,2020-09-01,44900,40700,4200,0.094
4234,Tehama ,2020-09-01,25560,23490,2070,0.081
4235,Trinity ,2020-09-01,4640,4340,300,0.065
4236,Tulare ,2020-09-01,194100,170700,23400,0.121
4237,Tuolumne ,2020-09-01,19850,17940,1910,0.096
4238,Ventura ,2020-09-01,399900,364700,35100,0.08800000000000001
4239,Yolo ,2020-09-01,103500,96000,7500,0.073
4240,Yuba ,2020-09-01,29800,26700,3000,0.10099999999999999
5235,Alameda ,2020-08-01,803800,718900,84900,0.106
5236,Alpine ,2020-08-01,460,400,50,0.11599999999999999
5237,Amador ,2020-08-01,14380,12960,1410,0.098
5238,Butte ,2020-08-01,91300,82400,8900,0.098
5239,Calaveras ,2020-08-01,21340,19670,1670,0.078
5240,Colusa ,2020-08-01,10460,9340,1120,0.107
5241,Contra Costa ,2020-08-01,534100,477900,56200,0.105
5242,Del Norte ,2020-08-01,9420,8490,930,0.098
5243,El Dorado ,2020-08-01,89000,81500,7500,0.085
5244,Fresno ,2020-08-01,439500,389000,50500,0.115
5245,Glenn ,2020-08-01,12280,11220,1060,0.086
5246,Humboldt ,2020-08-01,58000,52500,5400,0.094
5247,Imperial ,2020-08-01,68200,51300,16900,0.248
5248,Inyo ,2020-08-01,8220,7570,660,0.08
5249,Kern ,2020-08-01,385600,335500,50200,0.13
5250,Kings ,2020-08-01,55500,49400,6100,0.11
5251,Lake ,2020-08-01,28320,25630,2690,0.095
5252,Lassen ,2020-08-01,9330,8690,640,0.068
5254,Los Angeles ,2020-08-01,4938500,4076400,862100,0.175
5255,Madera ,2020-08-01,61700,55300,6500,0.105
5256,Marin ,2020-08-01,128100,118100,10000,0.078
5257,Mariposa ,2020-08-01,7230,6510,720,0.1
5258,Mendocino ,2020-08-01,36870,33370,3500,0.095
5259,Merced ,2020-08-01,112500,99200,13300,0.11900000000000001
5260,Modoc ,2020-08-01,3190,2980,210,0.067
5261,Mono ,2020-08-01,7920,7040,870,0.11
5262,Monterey ,2020-08-01,217000,197900,19100,0.08800000000000001
5263,Napa ,2020-08-01,68400,62000,6400,0.09300000000000001
5264,Nevada ,2020-08-01,46230,42260,3970,0.086
5265,Orange ,2020-08-01,1526200,1362200,164000,0.107
5266,Placer ,2020-08-01,182500,167600,14900,0.08199999999999999
5267,Plumas ,2020-08-01,7950,7270,680,0.085
5268,Riverside ,2020-08-01,1098700,970800,127900,0.11599999999999999
5269,Sacramento ,2020-08-01,704300,627600,76700,0.109
5270,San Benito ,2020-08-01,30900,27900,3000,0.096
5271,San Bernardino ,2020-08-01,960700,851900,108800,0.113
5272,San Diego ,2020-08-01,1518700,1353900,164700,0.10800000000000001
5273,San Francisco ,2020-08-01,546600,493700,52900,0.09699999999999999
5274,San Joaquin ,2020-08-01,331300,290900,40400,0.122
5275,San Luis Obispo ,2020-08-01,129400,118300,11100,0.086
5276,San Mateo ,2020-08-01,424600,389400,35200,0.083
5277,Santa Barbara ,2020-08-01,216300,198400,17900,0.083
5278,Santa Clara ,2020-08-01,1009000,927000,82000,0.081
5279,Santa Cruz ,2020-08-01,132200,120000,12100,0.092
5280,Shasta ,2020-08-01,72500,66200,6300,0.087
5281,Sierra ,2020-08-01,1280,1180,100,0.077
5282,Siskiyou ,2020-08-01,16940,15410,1540,0.091
5283,Solano ,2020-08-01,200400,178500,22000,0.11
5284,Sonoma ,2020-08-01,243400,222300,21100,0.087
5285,Stanislaus ,2020-08-01,241700,214700,27000,0.11199999999999999
5286,Sutter ,2020-08-01,45600,41000,4600,0.10099999999999999
5287,Tehama ,2020-08-01,25660,23390,2280,0.08900000000000001
5288,Trinity ,2020-08-01,4710,4390,330,0.069
5289,Tulare ,2020-08-01,196800,171000,25800,0.131
5290,Tuolumne ,2020-08-01,20080,17930,2150,0.107
5291,Ventura ,2020-08-01,401500,362100,39300,0.098
5292,Yolo ,2020-08-01,103900,95700,8300,0.079
5293,Yuba ,2020-08-01,29900,26700,3200,0.10800000000000001
6288,Alameda ,2020-07-01,811500,714400,97100,0.12
6289,Alpine ,2020-07-01,460,390,70,0.145
6290,Amador ,2020-07-01,14410,12740,1670,0.11599999999999999
6291,Butte ,2020-07-01,90400,80300,10100,0.111
6292,Calaveras ,2020-07-01,21410,19460,1950,0.091
6293,Colusa ,2020-07-01,10340,8950,1390,0.135
6294,Contra Costa ,2020-07-01,539200,474900,64400,0.11900000000000001
6295,Del Norte ,2020-07-01,9200,8180,1020,0.111
6296,El Dorado ,2020-07-01,90200,81200,8900,0.099
6297,Fresno ,2020-07-01,441000,383700,57300,0.13
6298,Glenn ,2020-07-01,12210,10970,1240,0.10099999999999999
6299,Humboldt ,2020-07-01,58200,52000,6200,0.106
6300,Imperial ,2020-07-01,68600,49800,18900,0.275
6301,Inyo ,2020-07-01,8350,7580,780,0.09300000000000001
6302,Kern ,2020-07-01,379700,322000,57700,0.152
6303,Kings ,2020-07-01,56400,49400,7000,0.124
6304,Lake ,2020-07-01,27780,24730,3050,0.11
6305,Lassen ,2020-07-01,9300,8560,740,0.08
6307,Los Angeles ,2020-07-01,4934900,4035000,899900,0.182
6308,Madera ,2020-07-01,60700,53100,7500,0.124
6309,Marin ,2020-07-01,129200,117400,11700,0.091
6310,Mariposa ,2020-07-01,7360,6520,830,0.113
6311,Mendocino ,2020-07-01,36750,32750,4000,0.109
6312,Merced ,2020-07-01,110800,95400,15400,0.139
6313,Modoc ,2020-07-01,3210,2960,250,0.078
6314,Mono ,2020-07-01,8080,6970,1110,0.13699999999999998
6315,Monterey ,2020-07-01,219300,196500,22800,0.10400000000000001
6316,Napa ,2020-07-01,69600,62200,7400,0.107
6317,Nevada ,2020-07-01,46270,41620,4640,0.1
6318,Orange ,2020-07-01,1544300,1354100,190300,0.12300000000000001
6319,Placer ,2020-07-01,184400,167100,17300,0.094
6320,Plumas ,2020-07-01,7870,7090,790,0.1
6321,Riverside ,2020-07-01,1106800,961100,145800,0.132
6322,Sacramento ,2020-07-01,711800,625800,85900,0.121
6323,San Benito ,2020-07-01,31400,27800,3500,0.113
6324,San Bernardino ,2020-07-01,964000,841800,122300,0.127
6325,San Diego ,2020-07-01,1535400,1345800,189600,0.12300000000000001
6326,San Francisco ,2020-07-01,553200,492300,60900,0.11
6327,San Joaquin ,2020-07-01,331600,285700,45900,0.138
6328,San Luis Obispo ,2020-07-01,131800,118800,13000,0.099
6329,San Mateo ,2020-07-01,428600,388300,40200,0.094
6330,Santa Barbara ,2020-07-01,219400,198400,21000,0.096
6331,Santa Clara ,2020-07-01,1017500,922700,94800,0.09300000000000001
6332,Santa Cruz ,2020-07-01,134700,120400,14300,0.106
6333,Shasta ,2020-07-01,72100,64800,7200,0.10099999999999999
6334,Sierra ,2020-07-01,1260,1150,110,0.086
6335,Siskiyou ,2020-07-01,17080,15320,1760,0.10300000000000001
6336,Solano ,2020-07-01,202700,178200,24500,0.121
6337,Sonoma ,2020-07-01,245200,220600,24600,0.1
6338,Stanislaus ,2020-07-01,240600,209600,31000,0.129
6339,Sutter ,2020-07-01,46200,40800,5400,0.11699999999999999
6340,Tehama ,2020-07-01,25110,22520,2590,0.10300000000000001
6341,Trinity ,2020-07-01,4610,4240,370,0.08
6342,Tulare ,2020-07-01,196000,166600,29300,0.15
6343,Tuolumne ,2020-07-01,20220,17750,2470,0.122
6344,Ventura ,2020-07-01,405600,360000,45600,0.11199999999999999
6345,Yolo ,2020-07-01,105100,95500,9600,0.091
6346,Yuba ,2020-07-01,30200,26500,3700,0.122
7341,Alameda ,2020-06-01,813700,708200,105400,0.13
7342,Alpine ,2020-06-01,460,370,90,0.196
7343,Amador ,2020-06-01,14510,12750,1760,0.121
7344,Butte ,2020-06-01,92500,81700,10800,0.11599999999999999
7345,Calaveras ,2020-06-01,21370,19240,2140,0.1
7346,Colusa ,2020-06-01,10070,8430,1640,0.162
7347,Contra Costa ,2020-06-01,540200,470500,69700,0.129
7348,Del Norte ,2020-06-01,9400,8310,1090,0.11599999999999999
7349,El Dorado ,2020-06-01,90900,80100,10900,0.12
7350,Fresno ,2020-06-01,448100,387800,60300,0.135
7351,Glenn ,2020-06-01,12550,11230,1320,0.105
7352,Humboldt ,2020-06-01,59000,52300,6800,0.115
7353,Imperial ,2020-06-01,71300,52400,18900,0.265
7354,Inyo ,2020-06-01,8500,7610,880,0.10400000000000001
7355,Kern ,2020-06-01,383100,323100,60000,0.157
7356,Kings ,2020-06-01,56400,48900,7500,0.133
7357,Lake ,2020-06-01,28180,24720,3460,0.12300000000000001
7358,Lassen ,2020-06-01,9390,8610,780,0.083
7360,Los Angeles ,2020-06-01,4839200,3974200,865000,0.179
7361,Madera ,2020-06-01,62100,54100,8000,0.129
7362,Marin ,2020-06-01,128400,115500,12900,0.1
7363,Mariposa ,2020-06-01,7410,6350,1050,0.142
7364,Mendocino ,2020-06-01,37100,32660,4440,0.12
7365,Merced ,2020-06-01,113800,97300,16400,0.14400000000000002
7366,Modoc ,2020-06-01,3220,2940,280,0.087
7367,Mono ,2020-06-01,7480,5910,1570,0.21
7368,Monterey ,2020-06-01,221300,194400,26900,0.121
7369,Napa ,2020-06-01,70000,61300,8700,0.124
7370,Nevada ,2020-06-01,46210,41060,5160,0.11199999999999999
7371,Orange ,2020-06-01,1547100,1341900,205200,0.133
7372,Placer ,2020-06-01,184100,164800,19300,0.105
7373,Plumas ,2020-06-01,7820,6970,850,0.10800000000000001
7374,Riverside ,2020-06-01,1111800,959700,152100,0.13699999999999998
7375,Sacramento ,2020-06-01,708600,617400,91200,0.129
7376,San Benito ,2020-06-01,31400,27400,4000,0.127
7377,San Bernardino ,2020-06-01,965300,840300,125100,0.13
7378,San Diego ,2020-06-01,1537000,1330000,207000,0.135
7379,San Francisco ,2020-06-01,555000,488300,66700,0.12
7380,San Joaquin ,2020-06-01,333900,285400,48500,0.145
7381,San Luis Obispo ,2020-06-01,132400,117900,14600,0.11
7382,San Mateo ,2020-06-01,430000,385000,45000,0.105
7383,Santa Barbara ,2020-06-01,216800,193600,23200,0.107
7384,Santa Clara ,2020-06-01,1017300,912500,104800,0.10300000000000001
7385,Santa Cruz ,2020-06-01,134300,117900,16300,0.122
7386,Shasta ,2020-06-01,73500,65700,7800,0.106
7387,Sierra ,2020-06-01,1300,1170,120,0.095
7388,Siskiyou ,2020-06-01,17220,15340,1880,0.109
7389,Solano ,2020-06-01,202400,176200,26100,0.129
7390,Sonoma ,2020-06-01,245300,217200,28100,0.114
7391,Stanislaus ,2020-06-01,240800,207900,32900,0.13699999999999998
7392,Sutter ,2020-06-01,46500,40500,5900,0.128
7393,Tehama ,2020-06-01,25670,22910,2760,0.107
7394,Trinity ,2020-06-01,4610,4200,410,0.08900000000000001
7395,Tulare ,2020-06-01,202500,172100,30400,0.15
7396,Tuolumne ,2020-06-01,20100,17300,2800,0.139
7397,Ventura ,2020-06-01,410500,361500,49000,0.11900000000000001
7398,Yolo ,2020-06-01,104100,93800,10200,0.098
7399,Yuba ,2020-06-01,30400,26500,3800,0.127
8394,Alameda ,2020-05-01,800600,689800,110900,0.138
8395,Alpine ,2020-05-01,450,350,100,0.228
8396,Amador ,2020-05-01,14030,11870,2150,0.153
8397,Butte ,2020-05-01,91400,79300,12100,0.133
8398,Calaveras ,2020-05-01,20570,18170,2390,0.11599999999999999
8399,Colusa ,2020-05-01,10140,8170,1970,0.19399999999999998
8400,Contra Costa ,2020-05-01,532300,457900,74500,0.14
8401,Del Norte ,2020-05-01,9100,7880,1220,0.134
8402,El Dorado ,2020-05-01,90600,77100,13500,0.149
8403,Fresno ,2020-05-01,444200,376700,67500,0.152
8404,Glenn ,2020-05-01,12570,11100,1470,0.11699999999999999
8405,Humboldt ,2020-05-01,58200,50700,7500,0.129
8406,Imperial ,2020-05-01,72000,52200,19800,0.275
8407,Inyo ,2020-05-01,8030,7030,1000,0.125
8408,Kern ,2020-05-01,382900,318200,64600,0.16899999999999998
8409,Kings ,2020-05-01,57600,49100,8600,0.149
8410,Lake ,2020-05-01,27810,23860,3950,0.142
8411,Lassen ,2020-05-01,9300,8410,890,0.095
8413,Los Angeles ,2020-05-01,4665800,3787500,878300,0.188
8414,Madera ,2020-05-01,61800,52700,9200,0.14800000000000002
8415,Marin ,2020-05-01,124700,111000,13700,0.11
8416,Mariposa ,2020-05-01,7100,5750,1350,0.191
8417,Mendocino ,2020-05-01,35940,31050,4900,0.136
8418,Merced ,2020-05-01,114800,96800,18000,0.157
8419,Modoc ,2020-05-01,3080,2770,310,0.10099999999999999
8420,Mono ,2020-05-01,6890,5070,1830,0.265
8421,Monterey ,2020-05-01,216400,184300,32100,0.14800000000000002
8422,Napa ,2020-05-01,68300,57900,10400,0.152
8423,Nevada ,2020-05-01,44450,38640,5810,0.131
8424,Orange ,2020-05-01,1517500,1291700,225800,0.149
8425,Placer ,2020-05-01,181300,158800,22500,0.124
8426,Plumas ,2020-05-01,7480,6470,1020,0.136
8427,Riverside ,2020-05-01,1090100,919000,171100,0.157
8428,Sacramento ,2020-05-01,694900,595200,99700,0.14300000000000002
8429,San Benito ,2020-05-01,31500,26800,4700,0.149
8430,San Bernardino ,2020-05-01,937200,805300,131900,0.141
8431,San Diego ,2020-05-01,1507200,1272700,234500,0.156
8432,San Francisco ,2020-05-01,548900,478800,70100,0.128
8433,San Joaquin ,2020-05-01,334800,281900,52900,0.158
8434,San Luis Obispo ,2020-05-01,128100,111300,16800,0.131
8435,San Mateo ,2020-05-01,425100,377300,47800,0.113
8436,Santa Barbara ,2020-05-01,215600,188900,26700,0.124
8437,Santa Clara ,2020-05-01,1006200,892600,113600,0.113
8438,Santa Cruz ,2020-05-01,131300,112500,18800,0.14300000000000002
8439,Shasta ,2020-05-01,71500,62300,9100,0.128
8440,Sierra ,2020-05-01,1230,1090,140,0.114
8441,Siskiyou ,2020-05-01,16550,14460,2090,0.126
8442,Solano ,2020-05-01,198900,170000,28900,0.145
8443,Sonoma ,2020-05-01,240100,207800,32300,0.134
8444,Stanislaus ,2020-05-01,238000,200900,37000,0.156
8445,Sutter ,2020-05-01,45600,38900,6700,0.147
8446,Tehama ,2020-05-01,24860,21790,3070,0.124
8447,Trinity ,2020-05-01,4380,3920,460,0.105
8448,Tulare ,2020-05-01,203900,170200,33600,0.165
8449,Tuolumne ,2020-05-01,19570,16110,3470,0.177
8450,Ventura ,2020-05-01,403900,348900,54900,0.136
8451,Yolo ,2020-05-01,101400,90800,10700,0.105
8452,Yuba ,2020-05-01,29900,25600,4400,0.146
9447,Alameda ,2020-04-01,799000,682000,117000,0.146
9448,Alpine ,2020-04-01,460,360,110,0.22899999999999998
9449,Amador ,2020-04-01,14210,12050,2160,0.152
9450,Butte ,2020-04-01,92100,77400,14700,0.159
9451,Calaveras ,2020-04-01,20510,17710,2800,0.13699999999999998
9452,Colusa ,2020-04-01,10890,8100,2800,0.257
9453,Contra Costa ,2020-04-01,533300,452800,80500,0.151
9454,Del Norte ,2020-04-01,9250,7920,1340,0.145
9455,El Dorado ,2020-04-01,90800,76700,14100,0.155
9456,Fresno ,2020-04-01,445100,368900,76200,0.171
9457,Glenn ,2020-04-01,12630,10810,1820,0.14400000000000002
9458,Humboldt ,2020-04-01,58900,50000,9000,0.152
9459,Imperial ,2020-04-01,72900,52000,20900,0.28600000000000003
9460,Inyo ,2020-04-01,7940,6760,1180,0.149
9461,Kern ,2020-04-01,374500,304800,69700,0.18600000000000003
9462,Kings ,2020-04-01,57200,47500,9700,0.16899999999999998
9463,Lake ,2020-04-01,27960,23480,4480,0.16
9464,Lassen ,2020-04-01,9330,8260,1080,0.115
9466,Los Angeles ,2020-04-01,4759300,3892300,866900,0.182
9467,Madera ,2020-04-01,59900,49500,10400,0.174
9468,Marin ,2020-04-01,123500,108600,14900,0.121
9469,Mariposa ,2020-04-01,7150,5690,1460,0.204
9470,Mendocino ,2020-04-01,36600,30900,5700,0.156
9471,Merced ,2020-04-01,116900,95300,21600,0.185
9472,Modoc ,2020-04-01,3170,2750,420,0.132
9473,Mono ,2020-04-01,6670,4790,1890,0.282
9474,Monterey ,2020-04-01,215600,174400,41200,0.191
9475,Napa ,2020-04-01,66300,54600,11800,0.17800000000000002
9476,Nevada ,2020-04-01,44240,37410,6830,0.154
9477,Orange ,2020-04-01,1525400,1305800,219600,0.14400000000000002
9478,Placer ,2020-04-01,182100,158000,24100,0.132
9479,Plumas ,2020-04-01,7380,6000,1380,0.187
9480,Riverside ,2020-04-01,1088600,914300,174300,0.16
9481,Sacramento ,2020-04-01,695800,592000,103800,0.149
9482,San Benito ,2020-04-01,32600,26500,6100,0.188
9483,San Bernardino ,2020-04-01,935000,802200,132800,0.142
9484,San Diego ,2020-04-01,1512700,1272300,240400,0.159
9485,San Francisco ,2020-04-01,550500,478700,71700,0.13
9486,San Joaquin ,2020-04-01,329500,270700,58800,0.179
9487,San Luis Obispo ,2020-04-01,129500,110300,19200,0.14800000000000002
9488,San Mateo ,2020-04-01,427500,377200,50200,0.11800000000000001
9489,Santa Barbara ,2020-04-01,214300,184300,29900,0.14
9490,Santa Clara ,2020-04-01,1007200,884600,122500,0.122
9491,Santa Cruz ,2020-04-01,132200,108900,23200,0.17600000000000002
9492,Shasta ,2020-04-01,72500,61100,11400,0.157
9493,Sierra ,2020-04-01,1210,1040,170,0.14300000000000002
9494,Siskiyou ,2020-04-01,16710,14110,2610,0.156
9495,Solano ,2020-04-01,200400,168900,31500,0.157
9496,Sonoma ,2020-04-01,241000,203800,37100,0.154
9497,Stanislaus ,2020-04-01,240000,198600,41400,0.172
9498,Sutter ,2020-04-01,46200,38000,8200,0.17800000000000002
9499,Tehama ,2020-04-01,25420,21680,3740,0.147
9500,Trinity ,2020-04-01,4370,3800,580,0.132
9501,Tulare ,2020-04-01,201500,163900,37600,0.18600000000000003
9502,Tuolumne ,2020-04-01,19680,15760,3920,0.19899999999999998
9503,Ventura ,2020-04-01,404700,346100,58700,0.145
9504,Yolo ,2020-04-01,101800,89800,12000,0.11800000000000001
9505,Yuba ,2020-04-01,30100,25200,4900,0.16399999999999998
10500,Alameda ,2020-03-01,836800,807500,29300,0.035
10501,Alpine ,2020-03-01,640,600,40,0.055
10502,Amador ,2020-03-01,14830,14100,730,0.049
10503,Butte ,2020-03-01,97600,91700,5900,0.061
10504,Calaveras ,2020-03-01,21520,20460,1060,0.049
10505,Colusa ,2020-03-01,11260,8850,2410,0.214
10506,Contra Costa ,2020-03-01,556500,536200,20300,0.036000000000000004
10507,Del Norte ,2020-03-01,9660,9000,660,0.069
10508,El Dorado ,2020-03-01,92300,88400,3900,0.042
10509,Fresno ,2020-03-01,456100,411200,44900,0.098
10510,Glenn ,2020-03-01,13190,12130,1060,0.08
10511,Humboldt ,2020-03-01,62000,59200,2700,0.044000000000000004
10512,Imperial ,2020-03-01,72700,58200,14600,0.201
10513,Inyo ,2020-03-01,8580,8200,380,0.044000000000000004
10514,Kern ,2020-03-01,386200,343700,42500,0.11
10515,Kings ,2020-03-01,58200,51600,6600,0.113
10516,Lake ,2020-03-01,28730,26840,1890,0.066
10517,Lassen ,2020-03-01,9490,8860,630,0.066
10518,Los Angeles ,2020-03-01,4941300,4664900,276400,0.055999999999999994
10520,Madera ,2020-03-01,62900,56900,6000,0.096
10521,Marin ,2020-03-01,136500,132700,3800,0.027999999999999997
10522,Mariposa ,2020-03-01,7520,7020,510,0.067
10523,Mendocino ,2020-03-01,38580,36530,2050,0.053
10524,Merced ,2020-03-01,118800,105000,13800,0.11599999999999999
10525,Modoc ,2020-03-01,3220,2890,330,0.102
10526,Mono ,2020-03-01,8740,8350,390,0.044000000000000004
10527,Monterey ,2020-03-01,214900,190900,24000,0.11199999999999999
10528,Napa ,2020-03-01,71700,69100,2700,0.037000000000000005
10529,Nevada ,2020-03-01,48240,46220,2020,0.042
10530,Orange ,2020-03-01,1598500,1545800,52700,0.033
10531,Placer ,2020-03-01,188900,182000,6900,0.036000000000000004
10532,Plumas ,2020-03-01,7660,6750,910,0.11900000000000001
10533,Riverside ,2020-03-01,1115800,1062900,52900,0.047
10534,Sacramento ,2020-03-01,712300,681600,30700,0.043
10535,San Benito ,2020-03-01,32500,30200,2300,0.07
10536,San Bernardino ,2020-03-01,975700,932500,43100,0.044000000000000004
10537,San Diego ,2020-03-01,1573600,1514400,59200,0.038
10538,San Francisco ,2020-03-01,579200,563000,16100,0.027999999999999997
10539,San Joaquin ,2020-03-01,330500,305700,24700,0.075
10540,San Luis Obispo ,2020-03-01,138900,134000,4900,0.035
10541,San Mateo ,2020-03-01,455100,443700,11500,0.025
10542,Santa Barbara ,2020-03-01,222700,211700,11000,0.049
10543,Santa Clara ,2020-03-01,1046300,1014900,31400,0.03
10544,Santa Cruz ,2020-03-01,139100,128800,10300,0.07400000000000001
10545,Shasta ,2020-03-01,73300,68800,4500,0.062
10546,Sierra ,2020-03-01,1300,1200,100,0.078
10547,Siskiyou ,2020-03-01,17090,15520,1570,0.092
10548,Solano ,2020-03-01,207000,197500,9500,0.046
10549,Sonoma ,2020-03-01,254500,246000,8500,0.033
10550,Stanislaus ,2020-03-01,244300,225800,18500,0.076
10551,Sutter ,2020-03-01,46700,41900,4800,0.10300000000000001
10552,Tehama ,2020-03-01,26100,24310,1790,0.069
10553,Trinity ,2020-03-01,4500,4140,370,0.08199999999999999
10554,Tulare ,2020-03-01,206200,179000,27200,0.132
10555,Tuolumne ,2020-03-01,20490,19280,1210,0.059000000000000004
10556,Ventura ,2020-03-01,421400,403500,17900,0.042
10557,Yolo ,2020-03-01,108600,102700,5800,0.054000000000000006
10558,Yuba ,2020-03-01,30600,28200,2400,0.079
11553,Alameda ,2020-02-01,842100,817400,24800,0.028999999999999998
11554,Alpine ,2020-02-01,630,600,30,0.051
11555,Amador ,2020-02-01,14790,14140,650,0.044000000000000004
11556,Butte ,2020-02-01,97000,91800,5200,0.054000000000000006
11557,Calaveras ,2020-02-01,21610,20710,890,0.040999999999999995
11558,Colusa ,2020-02-01,10830,8640,2190,0.20199999999999999
11559,Contra Costa ,2020-02-01,560000,542700,17300,0.031
11560,Del Norte ,2020-02-01,9540,8950,590,0.062
11561,El Dorado ,2020-02-01,92500,89200,3400,0.036000000000000004
11562,Fresno ,2020-02-01,453600,415500,38100,0.084
11563,Glenn ,2020-02-01,13130,12200,930,0.071
11564,Humboldt ,2020-02-01,61800,59400,2400,0.038
11565,Imperial ,2020-02-01,72000,58900,13000,0.18100000000000002
11566,Inyo ,2020-02-01,8610,8270,340,0.039
11567,Kern ,2020-02-01,389700,354200,35600,0.091
11568,Kings ,2020-02-01,58100,52400,5700,0.098
11569,Lake ,2020-02-01,28920,27250,1670,0.057999999999999996
11570,Lassen ,2020-02-01,9410,8850,560,0.059000000000000004
11572,Los Angeles ,2020-02-01,5218500,4972500,246000,0.047
11573,Madera ,2020-02-01,64200,59200,5100,0.079
11574,Marin ,2020-02-01,137900,134700,3300,0.024
11575,Mariposa ,2020-02-01,7500,7050,450,0.059000000000000004
11576,Mendocino ,2020-02-01,38220,36440,1780,0.046
11577,Merced ,2020-02-01,116800,104900,11900,0.102
11578,Modoc ,2020-02-01,3100,2810,300,0.096
11579,Mono ,2020-02-01,9010,8680,330,0.037000000000000005
11580,Monterey ,2020-02-01,212700,191100,21500,0.10099999999999999
11581,Napa ,2020-02-01,72500,70200,2300,0.032
11582,Nevada ,2020-02-01,48780,47030,1750,0.036000000000000004
11583,Orange ,2020-02-01,1617000,1572100,44900,0.027999999999999997
11584,Placer ,2020-02-01,189500,183500,6000,0.031
11585,Plumas ,2020-02-01,7480,6680,810,0.10800000000000001
11586,Riverside ,2020-02-01,1121100,1075900,45200,0.04
11587,Sacramento ,2020-02-01,713800,687200,26600,0.037000000000000005
11588,San Benito ,2020-02-01,32500,30600,1900,0.059000000000000004
11589,San Bernardino ,2020-02-01,980400,943800,36600,0.037000000000000005
11590,San Diego ,2020-02-01,1585600,1535000,50600,0.032
11591,San Francisco ,2020-02-01,583900,570800,13100,0.022000000000000002
11592,San Joaquin ,2020-02-01,330900,309500,21400,0.065
11593,San Luis Obispo ,2020-02-01,140000,135800,4200,0.03
11594,San Mateo ,2020-02-01,459400,449800,9600,0.021
11595,Santa Barbara ,2020-02-01,222000,212200,9800,0.044000000000000004
11596,Santa Clara ,2020-02-01,1055200,1028300,26800,0.025
11597,Santa Cruz ,2020-02-01,139700,130700,8900,0.064
11598,Shasta ,2020-02-01,72900,68900,4000,0.054000000000000006
11599,Sierra ,2020-02-01,1310,1220,90,0.069
11600,Siskiyou ,2020-02-01,16970,15540,1430,0.084
11601,Solano ,2020-02-01,207500,199400,8100,0.039
11602,Sonoma ,2020-02-01,256000,248800,7200,0.027999999999999997
11603,Stanislaus ,2020-02-01,242300,226500,15800,0.065
11604,Sutter ,2020-02-01,45800,41700,4100,0.09
11605,Tehama ,2020-02-01,25970,24380,1590,0.061
11606,Trinity ,2020-02-01,4430,4120,320,0.07200000000000001
11607,Tulare ,2020-02-01,206000,182700,23300,0.113
11608,Tuolumne ,2020-02-01,20600,19540,1050,0.051
11609,Ventura ,2020-02-01,423500,407900,15500,0.037000000000000005
11610,Yolo ,2020-02-01,108500,103300,5200,0.048
11611,Yuba ,2020-02-01,30400,28300,2100,0.07
12606,Alameda ,2020-01-01,838000,811700,26200,0.031
12607,Alpine ,2020-01-01,650,620,30,0.046
12608,Amador ,2020-01-01,14710,13990,710,0.048
12609,Butte ,2020-01-01,96300,90800,5400,0.055999999999999994
12610,Calaveras ,2020-01-01,21500,20550,950,0.044000000000000004
12611,Colusa ,2020-01-01,10610,8490,2120,0.2
12612,Contra Costa ,2020-01-01,557500,539200,18400,0.033
12613,Del Norte ,2020-01-01,9610,8970,640,0.067
12614,El Dorado ,2020-01-01,92200,88700,3500,0.038
12615,Fresno ,2020-01-01,451100,413800,37300,0.083
12616,Glenn ,2020-01-01,12860,11870,990,0.077
12617,Humboldt ,2020-01-01,61100,58600,2500,0.042
12618,Imperial ,2020-01-01,72700,58300,14500,0.19899999999999998
12619,Inyo ,2020-01-01,8620,8270,350,0.04
12620,Kern ,2020-01-01,393100,358500,34500,0.08800000000000001
12621,Kings ,2020-01-01,57700,52100,5600,0.096
12622,Lake ,2020-01-01,28620,26830,1790,0.063
12623,Lassen ,2020-01-01,9400,8840,560,0.06
12624,Los Angeles ,2020-01-01,5210600,4957000,253500,0.049
12626,Madera ,2020-01-01,63300,58100,5200,0.08199999999999999
12627,Marin ,2020-01-01,137800,134400,3400,0.025
12628,Mariposa ,2020-01-01,7450,7000,450,0.06
12629,Mendocino ,2020-01-01,38160,36300,1860,0.049
12630,Merced ,2020-01-01,115800,104300,11500,0.099
12631,Modoc ,2020-01-01,3050,2740,310,0.10099999999999999
12632,Mono ,2020-01-01,9120,8790,330,0.036000000000000004
12633,Monterey ,2020-01-01,209700,188500,21200,0.10099999999999999
12634,Napa ,2020-01-01,70500,67900,2600,0.037000000000000005
12635,Nevada ,2020-01-01,48770,46940,1820,0.037000000000000005
12636,Orange ,2020-01-01,1609100,1561800,47300,0.028999999999999998
12637,Placer ,2020-01-01,188700,182400,6300,0.034
12638,Plumas ,2020-01-01,7410,6610,800,0.10800000000000001
12639,Riverside ,2020-01-01,1119600,1071900,47700,0.043
12640,Sacramento ,2020-01-01,711000,682800,28200,0.04
12641,San Benito ,2020-01-01,32300,30300,2000,0.062
12642,San Bernardino ,2020-01-01,978100,939400,38600,0.039
12643,San Diego ,2020-01-01,1577100,1523200,54000,0.034
12644,San Francisco ,2020-01-01,580700,567000,13700,0.024
12645,San Joaquin ,2020-01-01,329400,307100,22300,0.068
12646,San Luis Obispo ,2020-01-01,138400,134000,4500,0.032
12647,San Mateo ,2020-01-01,457000,446900,10000,0.022000000000000002
12648,Santa Barbara ,2020-01-01,219200,209100,10200,0.046
12649,Santa Clara ,2020-01-01,1050100,1022000,28100,0.027000000000000003
12650,Santa Cruz ,2020-01-01,138400,129600,8800,0.063
12651,Shasta ,2020-01-01,73600,69500,4100,0.055
12652,Sierra ,2020-01-01,1310,1220,80,0.064
12653,Siskiyou ,2020-01-01,16950,15520,1440,0.085
12654,Solano ,2020-01-01,206400,197800,8600,0.042
12655,Sonoma ,2020-01-01,254100,246400,7700,0.03
12656,Stanislaus ,2020-01-01,240700,224400,16300,0.068
12657,Sutter ,2020-01-01,45200,41100,4100,0.091
12658,Tehama ,2020-01-01,25910,24240,1670,0.064
12659,Trinity ,2020-01-01,4390,4090,310,0.07
12660,Tulare ,2020-01-01,204500,181700,22800,0.11199999999999999
12661,Tuolumne ,2020-01-01,20440,19370,1070,0.052000000000000005
12662,Ventura ,2020-01-01,419800,403100,16700,0.04
12663,Yolo ,2020-01-01,107900,102400,5500,0.051
12664,Yuba ,2020-01-01,30200,28000,2200,0.073
